id,name
0,w_67153b4
1,w_dadc1a5
2,w_5650932
3,w_d15dd0b
4,w_c27588a
5,w_180e241
6,w_a8ebc69
7,w_107b98e
8,w_773a8fd
9,w_c684a38
10,w_19410fe
11,w_aee06ab
12,w_3c629a2
13,w_b8ee123
14,w_6d8519e
15,w_7307591
16,w_3cde3ea
17,w_e33e588
18,w_43312c4
19,w_8b86b95
20,w_accb0cb
21,w_89a0473
22,w_7e56d66
23,w_67afc89
24,w_cda3971
25,w_506ff2f
26,w_2ab34d0
27,w_6f61a8a
28,w_fdd9086
29,w_aa0bd3b
30,w_8d9d59a
31,w_59088ff
32,w_4a0c2a7
33,w_faad2b1
34,w_a13c09d
35,w_6dbfd7a
36,w_85923bb
37,w_a96ebe6
38,w_a8b34a0
39,w_81da9a5
40,w_62e16d6
41,w_d8b5bb4
42,w_f6a16aa
43,w_d0475b2
44,w_bb08804
45,w_5c2c1a1
46,w_0f73f48
47,w_861e504
48,w_6d98683
49,w_05f8c99
50,w_62bb54b
51,w_61e4690
52,w_350bfd5
53,w_c543f7c
54,w_eae373b
55,w_c380132
56,w_894296c
57,w_bfae26b
58,w_8e1e84c
59,w_aa585b1
60,w_6908715
61,w_1ca9ab1
62,w_f2075ef
63,w_9b6d9b7
64,w_6e97efe
65,w_efc0825
66,w_f28a7a2
67,w_6172f4a
68,w_88adb3a
69,w_0182687
70,w_11ce746
71,w_f0d3b4f
72,w_92ac4b2
73,w_f648d33
74,w_4e63f7a
75,w_5520ce2
76,w_34bd6f2
77,w_b569e70
78,w_2843a30
79,w_2d1d67a
80,w_bc28a13
81,w_f121f0c
82,w_7206ab2
83,w_cb476e2
84,w_4e73055
85,w_939a97b
86,w_afe2b56
87,w_f74a89e
88,w_aa9f4b2
89,w_5af3b0a
90,w_74b6ca2
91,w_52cd115
92,w_7e2eb3d
93,w_4df0da7
94,w_2652d72
95,w_17d6235
96,w_e21b629
97,w_29e5e8e
98,w_00d5e98
99,w_143ea92
100,w_3879fa0
101,w_e27bbf6
102,w_b1c8a8b
103,w_e922901
104,w_06ffb30
105,w_94ea240
106,w_30719c8
107,w_5e8e218
108,w_190b9bb
109,w_6ee9b69
110,w_44fc980
111,w_3ea05d5
112,w_3476b19
113,w_2e4af64
114,w_8b03a7f
115,w_2ed1e39
116,w_f3d2e31
117,w_3a2686e
118,w_069c25b
119,w_e885d82
120,w_2b47174
121,w_9387099
122,w_6640084
123,w_abd9d0b
124,w_64062df
125,w_74ec366
126,w_5360e39
127,w_310a26b
128,w_68465c0
129,w_a4b73a0
130,w_ce4d993
131,w_81ed5f8
132,w_c63c580
133,w_f91aeec
134,w_be28cde
135,w_c1c5512
136,w_009c9c5
137,w_89d9699
138,w_d4211d9
139,w_b74c24a
140,w_bd572cf
141,w_a1b7b83
142,w_e022d1b
143,w_efa100e
144,w_5d67caa
145,w_84c23bb
146,w_9c2f8e2
147,w_0dc84fd
148,w_72afa97
149,w_0e7ec27
150,w_d0fd41c
151,w_eae91de
152,w_ed0ee85
153,w_716f64f
154,w_cd9dec7
155,w_46ccc6f
156,w_f06a10d
157,w_0aed03f
158,w_ab7c369
159,w_4249f01
160,w_2f0f74c
161,w_0f25e6b
162,w_7c9f76d
163,w_2c3c217
164,w_39cd182
165,w_cf8cd88
166,w_21ecbf3
167,w_57437ee
168,w_cc93694
169,w_58be2b5
170,w_2c29146
171,w_1c55cc3
172,w_14ece76
173,w_9109577
174,w_522e959
175,w_08c7d09
176,w_2cabd62
177,w_a61a47c
178,w_d3b6c6b
179,w_1a151e5
180,w_23852a0
181,w_16c264e
182,w_fdfd867
183,w_adcaf2a
184,w_4f717ba
185,w_213fb07
186,w_ff65f67
187,w_ad01432
188,w_d588fb4
189,w_14b1427
190,w_78fbecd
191,w_a0f456b
192,w_7707132
193,w_456646a
194,w_916c746
195,w_4c0a2c9
196,w_f13f7b3
197,w_7404271
198,w_fd4376a
199,w_ce8aa12
200,w_f5baf10
201,w_dcee281
202,w_50193ae
203,w_1579152
204,w_902f8b0
205,w_88e4537
206,w_5b40032
207,w_44803e4
208,w_0fdde23
209,w_705e466
210,w_7571b52
211,w_8dc6c05
212,w_bb443aa
213,w_f629616
214,w_7b41bf7
215,w_f0eddab
216,w_ffe8693
217,w_b535cbd
218,w_eafacda
219,w_8a35001
220,w_d9405b3
221,w_abc82c3
222,w_44a6509
223,w_dae7ff7
224,w_588f349
225,w_a059841
226,w_e6d9cdd
227,w_9fecf9d
228,w_9712235
229,w_bfecb74
230,w_effbe89
231,w_2f0416b
232,w_520731e
233,w_e16924b
234,w_9438119
235,w_722a04a
236,w_57546d7
237,w_f4e69f1
238,w_950c471
239,w_2f841ea
240,w_5510cf3
241,w_08010cc
242,w_68f23a1
243,w_9728637
244,w_aeabde9
245,w_02c7e9d
246,w_b7ec7f8
247,w_46c49e8
248,w_cbd5013
249,w_a386d0b
250,w_e64d9d1
251,w_10d9667
252,w_fe8aee2
253,w_10f3b75
254,w_f3a12bc
255,w_f666bb4
256,w_ceda389
257,w_d16eb60
258,w_ec98537
259,w_e3c4772
260,w_dfc200b
261,w_aa47677
262,w_54ea24d
263,w_81c7c90
264,w_06376db
265,w_989e081
266,w_ebe9709
267,w_1930599
268,w_fd98539
269,w_24b5070
270,w_e8c5ff0
271,w_72fea5e
272,w_a6eaf8d
273,w_a47dc2d
274,w_f5fcb45
275,w_cbaa911
276,w_0bc1de9
277,w_16dfac7
278,w_89f0c48
279,w_45a6d4e
280,w_492d9c5
281,w_a68cf64
282,w_042b547
283,w_8daccba
284,w_1106cbb
285,w_a1a0090
286,w_244e953
287,w_7a4b2f9
288,w_8b8ef96
289,w_bb9497e
290,w_bdf0447
291,w_1f0cf0a
292,w_529b41b
293,w_c9634dc
294,w_45246db
295,w_099bcbc
296,w_60aa749
297,w_faab6df
298,w_1ffc4ab
299,w_ce67c4c
300,w_d576dff
301,w_a939b64
302,w_50e2184
303,w_cf4178c
304,w_7c23d73
305,w_17ba5e4
306,w_18934ab
307,w_be6e58a
308,w_66e8565
309,w_6755824
310,w_683af30
311,w_760c469
312,w_5e94510
313,w_38e9cf5
314,w_a3cbe89
315,w_d17b0c5
316,w_e4ed810
317,w_fccac74
318,w_35f2f8d
319,w_1719d81
320,w_d006897
321,w_0e93f25
322,w_dfb57cc
323,w_be1f602
324,w_f7e29b4
325,w_b55fb6e
326,w_371d32d
327,w_3ae4d85
328,w_fbfe96b
329,w_5a9abcf
330,w_648b85e
331,w_f05a1df
332,w_d22e12a
333,w_59052ad
334,w_4c01b28
335,w_efe3a39
336,w_1de6148
337,w_8d52508
338,w_6e7cf1c
339,w_ac90846
340,w_d6fde02
341,w_e52ff99
342,w_dced3f2
343,w_efc261b
344,w_7cd0b86
345,w_85b252c
346,w_29e87c9
347,w_dfbf100
348,w_704a8a1
349,w_1217536
350,w_ef62b09
351,w_5d1c9eb
352,w_74ada4e
353,w_c8d05b6
354,w_6579856
355,w_73b6699
356,w_00289b1
357,w_daeba33
358,w_bfe6992
359,w_da3106e
360,w_19c50fa
361,w_6d527ff
362,w_218fe4a
363,w_d2b7856
364,w_81b2e1e
365,w_fc6f897
366,w_f4f3715
367,w_b82d0eb
368,w_a5f74b2
369,w_671b041
370,w_b747aeb
371,w_a1e3bc9
372,w_9e58786
373,w_1472271
374,w_56a96ed
375,w_a13f1d0
376,w_b420d45
377,w_f9bffb5
378,w_6643fe8
379,w_aa756f0
380,w_14bfbe2
381,w_b5e6c9c
382,w_53ce2e1
383,w_1483be2
384,w_c8e2df4
385,w_1b5fd1b
386,w_7488eec
387,w_535448f
388,w_d803cef
389,w_825910b
390,w_082978e
391,w_2ac2bac
392,w_a7196c0
393,w_3224f68
394,w_b874a6f
395,w_fe59266
396,w_5ad1ac9
397,w_d055e5f
398,w_d68c135
399,w_99c4cce
400,w_031e1a3
401,w_b938e96
402,w_f353d69
403,w_881fca8
404,w_05bf34e
405,w_99383ac
406,w_2a946f2
407,w_6b47687
408,w_e2a09d4
409,w_b421a6a
410,w_f24a2de
411,w_6fa469c
412,w_d210085
413,w_1afff3f
414,w_ea2d2f9
415,w_292956e
416,w_439b6cf
417,w_659bdb8
418,w_801eb08
419,w_7f1f285
420,w_249346b
421,w_51c003e
422,w_193bf22
423,w_88e4cbf
424,w_c01c1f4
425,w_84b255f
426,w_c99807e
427,w_96f027d
428,w_27d6aac
429,w_84f08b7
430,new_whale
431,w_ed5c855
432,w_db86325
433,w_76065ea
434,w_cde1082
435,w_41429ea
436,w_b10d81a
437,w_ecf39ca
438,w_8b83220
439,w_de1dc14
440,w_d4bc4ff
441,w_e94b46a
442,w_da15e00
443,w_f829227
444,w_415f090
445,w_3499014
446,w_709907d
447,w_0a87ea4
448,w_7a232d3
449,w_00a41ba
450,w_a10e633
451,w_cdb8e7f
452,w_03670aa
453,w_01fc429
454,w_1cfebce
455,w_5ae831c
456,w_6e62ad4
457,w_9696e76
458,w_ef74616
459,w_6ebed02
460,w_dec7ffd
461,w_b6ddd17
462,w_abeab1e
463,w_06935ed
464,w_9748a78
465,w_4554dcd
466,w_51e0e04
467,w_9714922
468,w_0a6e626
469,w_d588ecb
470,w_cdc4a40
471,w_6d8fad3
472,w_a009604
473,w_23d4815
474,w_c6a96e1
475,w_c73e8e9
476,w_6fe3566
477,w_a7e3d55
478,w_c7951e0
479,w_c156d0a
480,w_72e3fa4
481,w_8284c0b
482,w_c4bb2c6
483,w_6a0a4c8
484,w_995bdbb
485,w_a4826eb
486,w_47098f8
487,w_357617e
488,w_7d28b7b
489,w_02d138d
490,w_a32898d
491,w_f24a55c
492,w_5841fb9
493,w_2c2e6b9
494,w_91b4760
495,w_c2524c4
496,w_e9ef5e9
497,w_7b098ce
498,w_8be0240
499,w_1a071a3
500,w_ead2fa6
501,w_07125ed
502,w_aa32f70
503,w_72ab123
504,w_11bd416
505,w_d351889
506,w_90f0cd0
507,w_8ac1fd6
508,w_2409871
509,w_a3d86da
510,w_c38eb22
511,w_6cb1ff1
512,w_17338da
513,w_4be6d99
514,w_4690940
515,w_0bb71d3
516,w_f06439d
517,w_9aacaa0
518,w_c18dafe
519,w_02e8199
520,w_e12b78d
521,w_f0663e5
522,w_81d1ff9
523,w_94c3bf0
524,w_f16afc2
525,w_818f08c
526,w_ba4f96c
527,w_7ae9946
528,w_21b2790
529,w_75f6ffa
530,w_effacfb
531,w_409c63d
532,w_6fc8edc
533,w_7f04b8b
534,w_3c880c2
535,w_6cfa650
536,w_e014c37
537,w_3040ecd
538,w_119f570
539,w_8ae65ef
540,w_775504f
541,w_9664ca8
542,w_bf2b915
543,w_4953900
544,w_925bdf6
545,w_ea7a364
546,w_9a1f31b
547,w_e5c28c9
548,w_384e3b2
549,w_6afdf63
550,w_f70c302
551,w_a923a6c
552,w_c1b34d2
553,w_08d439c
554,w_5781883
555,w_a42c505
556,w_a8b65e2
557,w_1a657fc
558,w_78351ee
559,w_bf39602
560,w_5d6ba39
561,w_0f466a5
562,w_dc642b6
563,w_26b24d4
564,w_60795e6
565,w_c98f1ad
566,w_b9edd7b
567,w_9d6c63d
568,w_bff3c3b
569,w_d6aa3f3
570,w_ee2a1e0
571,w_e818b1a
572,w_a11932d
573,w_1344da3
574,w_1f6de0b
575,w_bdea26c
576,w_b35b19d
577,w_5d687a9
578,w_e0ed636
579,w_1289b63
580,w_1082fdc
581,w_0ce537a
582,w_7b989fb
583,w_5fd90e2
584,w_76586af
585,w_555e037
586,w_691b684
587,w_f66ec54
588,w_70fc054
589,w_06292cd
590,w_ba62b79
591,w_6bc4ce1
592,w_2af46a8
593,w_9490369
594,w_5529f3b
595,w_62bedea
596,w_6d1f159
597,w_17a4a41
598,w_4182dba
599,w_ce5c5eb
600,w_88b981e
601,w_ba01717
602,w_84308d6
603,w_71dfca3
604,w_b79abd4
605,w_533fe25
606,w_7b07041
607,w_c9b4607
608,w_b3196aa
609,w_0a619af
610,w_98a5e5e
611,w_9ca9776
612,w_6658081
613,w_b0cadc0
614,w_bdb0a25
615,w_cb593df
616,w_04ebfe8
617,w_67f670e
618,w_9032a74
619,w_f449c3d
620,w_c536a4a
621,w_cafe0d0
622,w_18a06fd
623,w_d09a047
624,w_83b2336
625,w_f75ed58
626,w_fd99c63
627,w_5585ecf
628,w_f8dc1cc
629,w_1417bc8
630,w_2c5fe7e
631,w_8fb247e
632,w_b959a0d
633,w_191bce3
634,w_58bae95
635,w_7ec2c18
636,w_4a9436a
637,w_22cdc5f
638,w_b51e6f6
639,w_fe03daf
640,w_5b8b487
641,w_9769f0b
642,w_cd1905a
643,w_0dfc1eb
644,w_50f9d24
645,w_c94f151
646,w_4e88955
647,w_6c777a0
648,w_8e88f4f
649,w_f347709
650,w_b200738
651,w_291cba5
652,w_32015c2
653,w_f773fbe
654,w_65f142a
655,w_f408b56
656,w_ecb61a0
657,w_d140497
658,w_0d54c55
659,w_00f340d
660,w_acfc8c1
661,w_2e18226
662,w_5365497
663,w_8d9af77
664,w_d593be8
665,w_f1d2222
666,w_a4d8d43
667,w_d0ce152
668,w_fd51859
669,w_68ae353
670,w_413933b
671,w_5b94456
672,w_19bd11d
673,w_3ff114c
674,w_53fb1b2
675,w_fb98d50
676,w_86fa148
677,w_1d2ed91
678,w_519a081
679,w_d5e0aba
680,w_6aa9d4e
681,w_fbe3f59
682,w_1fc42e2
683,w_69b5ace
684,w_c6c89db
685,w_7efe670
686,w_adb1dff
687,w_830b95a
688,w_3aa8e97
689,w_ad072b0
690,w_a33ed90
691,w_d15d8c5
692,w_8dc893c
693,w_0abe9e7
694,w_ae7887b
695,w_cb0aaf0
696,w_b96391f
697,w_640a24a
698,w_227e394
699,w_4e01dd9
700,w_5665c80
701,w_28218e1
702,w_148921b
703,w_4175cb7
704,w_f47f214
705,w_d66d8f4
706,w_ed2b6f5
707,w_b7e3a9f
708,w_2c94198
709,w_6946a70
710,w_99ce0ec
711,w_445a265
712,w_3f22dc6
713,w_3bc2641
714,w_2e21094
715,w_d907b6c
716,w_6d59878
717,w_12fe3a8
718,w_f992eae
719,w_b805777
720,w_ea520df
721,w_e918d4c
722,w_d3734df
723,w_076bb5a
724,w_2852461
725,w_e738be6
726,w_733a794
727,w_e008923
728,w_2136d08
729,w_94e136e
730,w_5c2bc89
731,w_1b0db58
732,w_234d686
733,w_9b565fa
734,w_615a631
735,w_f71100b
736,w_c0d11da
737,w_d0bf381
738,w_ff2157c
739,w_18ca0f1
740,w_7478938
741,w_7085ad6
742,w_3fb99a3
743,w_8a7071c
744,w_724503e
745,w_428ca58
746,w_cfeb24b
747,w_cda8eb8
748,w_9852689
749,w_3128adb
750,w_89773ab
751,w_1fb652d
752,w_c7a611a
753,w_3002b59
754,w_6d35e41
755,w_4e1e04d
756,w_36f2ebb
757,w_d8cb231
758,w_48872ad
759,w_a684b05
760,w_78e7020
761,w_15d12c7
762,w_73d22c4
763,w_3c64b50
764,w_325f8d2
765,w_19f365e
766,w_bbf0c38
767,w_0bd39c1
768,w_7348ed5
769,w_0a357b7
770,w_7d6527e
771,w_91c94ad
772,w_0aea542
773,w_a7ef9a5
774,w_702f2a0
775,w_d8dda8d
776,w_8a06b46
777,w_b57a7be
778,w_d6d89ed
779,w_e6c320e
780,w_ba8f93b
781,w_d3cb902
782,w_030c8b0
783,w_c865cfd
784,w_d48dfda
785,w_7052419
786,w_228c7ee
787,w_d1b3a00
788,w_163b2b8
789,w_5089763
790,w_711765a
791,w_e5af4aa
792,w_b04e97f
793,w_8b8dca8
794,w_b28898a
795,w_3d7bc85
796,w_c1d2d7f
797,w_653099f
798,w_e07b79f
799,w_10b4603
800,w_a58d6d5
801,w_d215a68
802,w_fe0c54f
803,w_5a3dbb9
804,w_53b6917
805,w_00904a7
806,w_ef5851f
807,w_8b5a2e4
808,w_f953704
809,w_41301dd
810,w_dd79a10
811,w_065ee1b
812,w_de3713f
813,w_6b2a111
814,w_0fe6fbb
815,w_86726bc
816,w_97d9f33
817,w_42388df
818,w_be06898
819,w_a10515b
820,w_36fdacd
821,w_ec64e27
822,w_87b0e69
823,w_aae50c8
824,w_02ff6d6
825,w_1dff836
826,w_b9cfccb
827,w_62c78f3
828,w_af493e1
829,w_4fdff73
830,w_3d1f606
831,w_75648fc
832,w_94dcd2b
833,w_24e9b5d
834,w_0ee9ae5
835,w_36b59be
836,w_3a241cf
837,w_2812e0d
838,w_c9fbac4
839,w_b44e89d
840,w_3d834ed
841,w_eae8af4
842,w_cc86d58
843,w_f6032e9
844,w_f1b016e
845,w_a48fa24
846,w_afe18e4
847,w_3214120
848,w_310226c
849,w_276390d
850,w_32da935
851,w_ccf3551
852,w_a331c8b
853,w_7ac28dd
854,w_cc09685
855,w_715b1b5
856,w_e8b5980
857,w_ecd734e
858,w_4f62735
859,w_e4ae199
860,w_745ee82
861,w_003bae6
862,w_a32ff7f
863,w_d658a66
864,w_6ca0970
865,w_ac33bfe
866,w_f6b8ccb
867,w_61e136d
868,w_b89b6bf
869,w_9b3076d
870,w_347e43b
871,w_ab2ac77
872,w_9ddb645
873,w_62ec5a8
874,w_b2e75dc
875,w_b9e5911
876,w_9544084
877,w_0fc3e41
878,w_5cc76f8
879,w_9287505
880,w_a6ef5a6
881,w_cf5d69c
882,w_d6c1d80
883,w_587753f
884,w_69ce621
885,w_c69c9be
886,w_e08506c
887,w_0cadbdc
888,w_79b8562
889,w_ae09e99
890,w_9b1d3d5
891,w_6840783
892,w_46e59f5
893,w_3c966be
894,w_2b979e6
895,w_d0b330d
896,w_a8b0ec1
897,w_4801beb
898,w_b3cc7b3
899,w_4e00a18
900,w_22d96e7
901,w_9078d11
902,w_a79e00d
903,w_c1acf72
904,w_86b8f3f
905,w_e2c24d2
906,w_a65abbf
907,w_ab41d9b
908,w_650f587
909,w_063282e
910,w_b4396ae
911,w_c01b2e9
912,w_2148753
913,w_deb9471
914,w_1df2383
915,w_7342df0
916,w_b9131da
917,w_b38d36d
918,w_7edfc70
919,w_e0f4a42
920,w_6ea9231
921,w_857cb95
922,w_8ca7f37
923,w_bc6171b
924,w_bd4e5dd
925,w_65cc057
926,w_5c028f2
927,w_1457f13
928,w_5101888
929,w_dfe2ab5
930,w_e0f635c
931,w_263fcb0
932,w_4e9b3a3
933,w_2034344
934,w_12b56df
935,w_e21819b
936,w_ba0751c
937,w_8ab401c
938,w_5f5f9ae
939,w_ab44c81
940,w_9d59be4
941,w_c650f39
942,w_f62bcba
943,w_eec4e46
944,w_11ff425
945,w_4df6c4b
946,w_ad343a6
947,w_3e9dc66
948,w_bfbf205
949,w_2e3e30d
950,w_0f8ab07
951,w_3e34e14
952,w_c797292
953,w_f4d8d01
954,w_c509e1e
955,w_c1efffb
956,w_4132bb8
957,w_04713fd
958,w_dc4c211
959,w_d3d9c3c
960,w_da40b39
961,w_f7ec202
962,w_3815890
963,w_262c32f
964,w_6920fb7
965,w_ba77e9c
966,w_bf844e6
967,w_0888e56
968,w_f1acf49
969,w_9884e90
970,w_75d4e65
971,w_2548d54
972,w_3f7d5f5
973,w_c928809
974,w_056710d
975,w_1f7e291
976,w_dd4cd65
977,w_b70c09f
978,w_de03861
979,w_43614bc
980,w_1ee38d5
981,w_66c5323
982,w_2ae40f9
983,w_95b6fde
984,w_b495218
985,w_5c6bd71
986,w_b1dbfd3
987,w_8a235b6
988,w_fbcfe74
989,w_ac80688
990,w_2fc317c
991,w_e568bb4
992,w_b39aff5
993,w_a86c082
994,w_1ca7433
995,w_f1ec429
996,w_759b919
997,w_844b91e
998,w_d12e2eb
999,w_a69ac05
1000,w_33979b1
1001,w_d02f064
1002,w_47d86e8
1003,w_1faaf06
1004,w_9fd6fe7
1005,w_91a2a20
1006,w_6f927a1
1007,w_73c0495
1008,w_1b51678
1009,w_eacf981
1010,w_77d1d8a
1011,w_252d315
1012,w_b2341d4
1013,w_b992a50
1014,w_a70b90b
1015,w_eeea781
1016,w_3791ec3
1017,w_62ecd30
1018,w_b6863f6
1019,w_8d4c9f7
1020,w_0d052c1
1021,w_454f511
1022,w_27be996
1023,w_77c86af
1024,w_7432816
1025,w_80124ae
1026,w_5d438a9
1027,w_e0b6a42
1028,w_8cad422
1029,w_f5d4627
1030,w_b423e9b
1031,w_97ec13c
1032,w_6c33987
1033,w_c17a2d4
1034,w_8092ea7
1035,w_5645ed1
1036,w_07019f4
1037,w_5d06edd
1038,w_deedca6
1039,w_7d55653
1040,w_43fc74c
1041,w_6684eea
1042,w_70d0b3c
1043,w_1b70bda
1044,w_2a2bcf1
1045,w_5fb70a0
1046,w_f9d1114
1047,w_19f507e
1048,w_9525c07
1049,w_415dea0
1050,w_596f6bc
1051,w_f87bc93
1052,w_c31e72f
1053,w_ca93339
1054,w_150a6f5
1055,w_68fc65d
1056,w_e45491e
1057,w_b19f2f9
1058,w_f077a03
1059,w_dd08014
1060,w_eaf9662
1061,w_24ca106
1062,w_6339d14
1063,w_b3e445e
1064,w_d8b4a5d
1065,w_b385045
1066,w_88065f2
1067,w_60ce6fc
1068,w_708c3d2
1069,w_d8d0dd9
1070,w_f8478b9
1071,w_7a083f7
1072,w_573d141
1073,w_c84b36b
1074,w_ce16eea
1075,w_9ad3618
1076,w_fec4ddf
1077,w_59fb9d2
1078,w_01d790e
1079,w_f276da3
1080,w_5c3f03f
1081,w_1d4e949
1082,w_2f74ff3
1083,w_6c995fd
1084,w_cdeac94
1085,w_3378e77
1086,w_385330e
1087,w_46f4824
1088,w_b5d72cb
1089,w_f573d1d
1090,w_e32ad9c
1091,w_02469a1
1092,w_a24d7b7
1093,w_ae70500
1094,w_90edcb6
1095,w_4362671
1096,w_17e8846
1097,w_f793610
1098,w_fbc7895
1099,w_ac0f6c4
1100,w_a9822dd
1101,w_54b631b
1102,w_1f1774e
1103,w_798f466
1104,w_a60f405
1105,w_d223b2e
1106,w_5157259
1107,w_9b5109b
1108,w_9cc2050
1109,w_efcbb06
1110,w_9e98f50
1111,w_af48048
1112,w_c734fa4
1113,w_5999d7a
1114,w_0a155b9
1115,w_17dd986
1116,w_a5a002f
1117,w_d51cb28
1118,w_e79b4d0
1119,w_871decc
1120,w_9593412
1121,w_a05181b
1122,w_cd2d796
1123,w_5871dfd
1124,w_16b5050
1125,w_6f0cbe3
1126,w_8da30ad
1127,w_836581c
1128,w_1fecb34
1129,w_7938c79
1130,w_bfd6858
1131,w_d83d524
1132,w_990921b
1133,w_668c588
1134,w_98b6b97
1135,w_6dedb5c
1136,w_81d807a
1137,w_9ca67be
1138,w_a8d79b6
1139,w_c0a6881
1140,w_50c4067
1141,w_5b8f665
1142,w_8694cb5
1143,w_289778b
1144,w_bd9f354
1145,w_2e9ed59
1146,w_b845c2b
1147,w_e090471
1148,w_4441671
1149,w_b330c85
1150,w_ae536d6
1151,w_96c6613
1152,w_05eb863
1153,w_5234c83
1154,w_9eb9853
1155,w_81691be
1156,w_b5c3634
1157,w_fc6a5a2
1158,w_20edfc3
1159,w_353d249
1160,w_6d43e1d
1161,w_ee76222
1162,w_a2158b8
1163,w_9021014
1164,w_1e3b8e8
1165,w_210caac
1166,w_795a6b8
1167,w_d52a837
1168,w_a1a4bb2
1169,w_4eb6bcc
1170,w_1554173
1171,w_6823268
1172,w_687c6d3
1173,w_67e9aa8
1174,w_36ceee6
1175,w_b0d1046
1176,w_6e85f95
1177,w_7ca2a9b
1178,w_69b046b
1179,w_fe94155
1180,w_d4e9763
1181,w_20ad973
1182,w_a6de601
1183,w_d573a68
1184,w_6d80008
1185,w_ec8ac93
1186,w_9583b7e
1187,w_abd456f
1188,w_356b5b7
1189,w_6cb7724
1190,w_99e43ae
1191,w_1b50676
1192,w_ce44322
1193,w_e49ade7
1194,w_ecd2318
1195,w_b6ad668
1196,w_e798363
1197,w_4c7a435
1198,w_dee1b17
1199,w_2719f85
1200,w_ef00141
1201,w_fb02461
1202,w_2117e10
1203,w_260b2ac
1204,w_e78ecbc
1205,w_093ea58
1206,w_dea042e
1207,w_d1f35d6
1208,w_ae83866
1209,w_74b748b
1210,w_70fa383
1211,w_6f3a3ec
1212,w_5f31117
1213,w_301f728
1214,w_eec42d0
1215,w_3217fd7
1216,w_34d7623
1217,w_9d29561
1218,w_ca66b79
1219,w_3511bc7
1220,w_9ad05a6
1221,w_5fbbce9
1222,w_d602efb
1223,w_cbb15d2
1224,w_8dcdb19
1225,w_fb4f74a
1226,w_80729eb
1227,w_2ba6978
1228,w_1ccd2a1
1229,w_3f0fd95
1230,w_4dabdd3
1231,w_7d296e9
1232,w_f75dc98
1233,w_4f9c015
1234,w_c148ab4
1235,w_446a02d
1236,w_5c57f77
1237,w_3789389
1238,w_9eb2d2a
1239,w_79a2659
1240,w_0833a92
1241,w_a3bb16b
1242,w_4369be0
1243,w_d9c78ee
1244,w_8620eca
1245,w_78e6713
1246,w_7d34a32
1247,w_506f894
1248,w_d285a7a
1249,w_fc94e17
1250,w_1b04c3c
1251,w_38c0639
1252,w_367832c
1253,w_7709151
1254,w_81d4bd6
1255,w_0a1fcd6
1256,w_6cb1882
1257,w_0a31a3a
1258,w_c5dbf98
1259,w_e107383
1260,w_46e198f
1261,w_d04bca1
1262,w_21591ba
1263,w_3fadd3e
1264,w_b53bfb7
1265,w_3132fce
1266,w_c5ec693
1267,w_c0c5cae
1268,w_13d4fd0
1269,w_eaa4d20
1270,w_3137898
1271,w_90c9763
1272,w_3584852
1273,w_d5d111d
1274,w_b5657c7
1275,w_3a1969c
1276,w_0b0168a
1277,w_1ff111d
1278,w_7521a81
1279,w_94595ec
1280,w_a2f8488
1281,w_98d094e
1282,w_2e5d992
1283,w_b919d77
1284,w_da651f6
1285,w_2fec5ea
1286,w_94863b7
1287,w_0d61101
1288,w_6ae4956
1289,w_e1c796a
1290,w_3d88ad4
1291,w_fdd5a35
1292,w_6612e89
1293,w_e54d8f6
1294,w_14a74dd
1295,w_1d8d7c3
1296,w_88445b2
1297,w_7e38d10
1298,w_8c0e550
1299,w_a586dce
1300,w_086f404
1301,w_a1d016d
1302,w_2f5652a
1303,w_ef439a1
1304,w_4274db3
1305,w_dc3e9cc
1306,w_3cd4d35
1307,w_30f2f0f
1308,w_6332313
1309,w_6cb656d
1310,w_da2d813
1311,w_d357277
1312,w_e64c432
1313,w_1d6a9f7
1314,w_c3c0d22
1315,w_8b3e525
1316,w_452d137
1317,w_5530579
1318,w_89f6097
1319,w_d1e0f06
1320,w_04d4568
1321,w_d0e6e7d
1322,w_958b730
1323,w_2495755
1324,w_8b84ad0
1325,w_afdac76
1326,w_c6b05f1
1327,w_13aa123
1328,w_46ba1ce
1329,w_84dadae
1330,w_2902e69
1331,w_0f8b8e2
1332,w_c59d4b1
1333,w_aaf5ab5
1334,w_0cc0430
1335,w_abf0b13
1336,w_6ad771b
1337,w_586abcf
1338,w_74192ac
1339,w_9957aed
1340,w_887c387
1341,w_3f6f934
1342,w_b3e089d
1343,w_26aeb61
1344,w_993320b
1345,w_e819d10
1346,w_e01ca20
1347,w_84343d7
1348,w_ecd9cc4
1349,w_91f13fe
1350,w_051764c
1351,w_e010426
1352,w_f7702cd
1353,w_7d46ac3
1354,w_f347577
1355,w_d24ae04
1356,w_72aa314
1357,w_25183b8
1358,w_281a8cd
1359,w_334c489
1360,w_29e8496
1361,w_cc79b6c
1362,w_2644b11
1363,w_448e190
1364,w_88503f1
1365,w_d7b6f17
1366,w_6db266a
1367,w_2ddcce9
1368,w_807f02e
1369,w_1133530
1370,w_d5d084c
1371,w_5a3cd6d
1372,w_64b2865
1373,w_961b5c4
1374,w_190375b
1375,w_eddd5b4
1376,w_e6ff725
1377,w_f787e93
1378,w_ec4299b
1379,w_f0a5983
1380,w_21bb5bd
1381,w_13a7d9a
1382,w_fa84489
1383,w_11e90bc
1384,w_1f85037
1385,w_ea902fb
1386,w_8dd3f4a
1387,w_6cca536
1388,w_748290a
1389,w_13937e4
1390,w_d8ae71c
1391,w_ac26398
1392,w_b096c92
1393,w_8ef82e2
1394,w_71fbd51
1395,w_b5e13cd
1396,w_c1d2fbe
1397,w_6e0a45b
1398,w_13edc47
1399,w_af1d57b
1400,w_73435d0
1401,w_329ec8b
1402,w_feb4051
1403,w_6448cab
1404,w_054162a
1405,w_b3c3fa5
1406,w_d1836e5
1407,w_d14059c
1408,w_465d9c7
1409,w_2036a57
1410,w_398323d
1411,w_3de579a
1412,w_f2b4c34
1413,w_0c80c53
1414,w_f94039d
1415,w_a3eaca5
1416,w_513f024
1417,w_cefd512
1418,w_f70465f
1419,w_ebfbdda
1420,w_37bdff9
1421,w_88ff97d
1422,w_b1b2f0f
1423,w_b78835b
1424,w_dcc6f42
1425,w_af7a56f
1426,w_ba9804a
1427,w_3cb4838
1428,w_dba1c08
1429,w_8f38839
1430,w_6e0afa2
1431,w_8c25681
1432,w_05cc23c
1433,w_780c931
1434,w_83cc0ec
1435,w_be36790
1436,w_2f8de4f
1437,w_cf25b84
1438,w_171dc55
1439,w_36f154c
1440,w_66639d4
1441,w_750f1c8
1442,w_eae983e
1443,w_5045d2c
1444,w_c057db0
1445,w_a6125c4
1446,w_ad2bb89
1447,w_3881f28
1448,w_dd2873f
1449,w_1b2bf0f
1450,w_50155e6
1451,w_b48de8c
1452,w_27a6304
1453,w_83eaf7e
1454,w_9888ce0
1455,w_b1a3345
1456,w_4a1b777
1457,w_6071978
1458,w_5bf792a
1459,w_73075b5
1460,w_cc57ddc
1461,w_0d9ddce
1462,w_b4c805b
1463,w_37f260a
1464,w_2e54183
1465,w_4adb4e9
1466,w_4d96d06
1467,w_84dbd14
1468,w_e2e33b2
1469,w_80d945b
1470,w_9a1a810
1471,w_8fda8b2
1472,w_e99ed06
1473,w_4b66b5f
1474,w_5b3289c
1475,w_0655608
1476,w_78bfd01
1477,w_414d441
1478,w_aea4301
1479,w_ea6a7fe
1480,w_cb0e8c2
1481,w_0115c24
1482,w_d1696f9
1483,w_d01f587
1484,w_9e33316
1485,w_478d73b
1486,w_e29ed08
1487,w_ca1d5a8
1488,w_9f9f220
1489,w_bd73f1d
1490,w_8cfabed
1491,w_d77337e
1492,w_3ebfe7a
1493,w_07c946d
1494,w_df1f698
1495,w_8bc8a32
1496,w_6dc5981
1497,w_76f4d0b
1498,w_d8de44c
1499,w_53215c6
1500,w_4d62749
1501,w_ad880b8
1502,w_27fa393
1503,w_7d458aa
1504,w_f4fae33
1505,w_7957b08
1506,w_ce72e73
1507,w_ebdc496
1508,w_5f0fcab
1509,w_f442602
1510,w_7ffc63c
1511,w_ac5aa34
1512,w_3af5f93
1513,w_c5260b8
1514,w_ff3efba
1515,w_ddf876d
1516,w_c465f0b
1517,w_d49d4d7
1518,w_344f319
1519,w_1b6f30f
1520,w_48d22a3
1521,w_f971ecb
1522,w_80f481f
1523,w_2c7deff
1524,w_1be76f5
1525,w_c6c60c8
1526,w_651236e
1527,w_f6eed29
1528,w_68d1fb0
1529,w_194bea2
1530,w_424b5fd
1531,w_c959cae
1532,w_9b69214
1533,w_5d1b1a7
1534,w_ab6f34e
1535,w_26923f7
1536,w_647da1f
1537,w_0577ccc
1538,w_f082806
1539,w_63ea6fd
1540,w_08b0eac
1541,w_07cb113
1542,w_9ef6147
1543,w_c61a67b
1544,w_2103ca8
1545,w_a689d7a
1546,w_aae547d
1547,w_a486bde
1548,w_74e6a59
1549,w_c67271f
1550,w_781654e
1551,w_df81c5d
1552,w_a33b6d6
1553,w_df54dcb
1554,w_51a60f0
1555,w_242fb46
1556,w_394f053
1557,w_9eab46a
1558,w_394165d
1559,w_b264d2a
1560,w_3b3f3ce
1561,w_0f56fb2
1562,w_7330627
1563,w_f7234f1
1564,w_591a2c5
1565,w_32de0c5
1566,w_c8f9c4b
1567,w_6b1d160
1568,w_c8bbb43
1569,w_cdd2642
1570,w_f86b16b
1571,w_c0f1e04
1572,w_3fc3c61
1573,w_ee05147
1574,w_5796069
1575,w_45d33bf
1576,w_596c806
1577,w_ecad2c9
1578,w_a41147a
1579,w_e25b062
1580,w_13c1b55
1581,w_e1ffbe2
1582,w_7c27fbd
1583,w_240cbf9
1584,w_90a2cf7
1585,w_e244fc3
1586,w_b9c99cc
1587,w_400791e
1588,w_0c76541
1589,w_fc10c15
1590,w_6e0e2ae
1591,w_f35e494
1592,w_16fa149
1593,w_68df91a
1594,w_455bc02
1595,w_f784bac
1596,w_5072c08
1597,w_4dac709
1598,w_78de8f7
1599,w_07cc9c2
1600,w_3b15259
1601,w_b7babc0
1602,w_76dee7c
1603,w_c190c60
1604,w_26c0ffd
1605,w_8de77f8
1606,w_a7757d4
1607,w_1c47899
1608,w_571cf6d
1609,w_deacb11
1610,w_954fec8
1611,w_0277a07
1612,w_fd9d727
1613,w_be4f189
1614,w_e5203ea
1615,w_c640984
1616,w_2a7f00f
1617,w_f602022
1618,w_98e83cc
1619,w_be78b58
1620,w_03193e5
1621,w_5a7e338
1622,w_46ea040
1623,w_b035775
1624,w_6fe3dac
1625,w_94a0d4e
1626,w_6906eed
1627,w_811c3a3
1628,w_b9264dd
1629,w_8e174c4
1630,w_a0534e5
1631,w_dc662ea
1632,w_0f031ca
1633,w_16f4e1e
1634,w_26301f8
1635,w_51e91cb
1636,w_4e902c2
1637,w_f2571bd
1638,w_9b5d7b1
1639,w_9d698cf
1640,w_c178056
1641,w_1f78a1e
1642,w_fe881f2
1643,w_8d8d839
1644,w_621575d
1645,w_adedd1f
1646,w_fdc6e6d
1647,w_bc677de
1648,w_55a34c7
1649,w_787af6b
1650,w_3a1e62f
1651,w_72f5c64
1652,w_49afbc9
1653,w_90336d0
1654,w_2284d86
1655,w_c4862bb
1656,w_169253a
1657,w_c2873ef
1658,w_22f46ab
1659,w_15bf4be
1660,w_5d3f521
1661,w_cdf834e
1662,w_878f5ba
1663,w_1d6a51b
1664,w_c3ccec5
1665,w_e1c9a18
1666,w_46c4c49
1667,w_ae24bd1
1668,w_82d50c5
1669,w_f0e9af7
1670,w_da08395
1671,w_82479e4
1672,w_fc83ab4
1673,w_08d62ee
1674,w_45a0a22
1675,w_82e5785
1676,w_41a2f20
1677,w_6af9b02
1678,w_b0f07c7
1679,w_ddb514d
1680,w_d3e4d19
1681,w_faad3f8
1682,w_f339c6d
1683,w_f7cb97d
1684,w_b7d68af
1685,w_be235cb
1686,w_30b577d
1687,w_db1f3de
1688,w_6ca173f
1689,w_7ea6bf2
1690,w_b95749b
1691,w_2009f8b
1692,w_91cdea4
1693,w_315c854
1694,w_685b8e1
1695,w_922e139
1696,w_105b860
1697,w_6a8bad9
1698,w_57e4b21
1699,w_aaf3463
1700,w_2856c57
1701,w_52162eb
1702,w_0f5d895
1703,w_7c6e8f0
1704,w_71670b3
1705,w_8443156
1706,w_8fa8bef
1707,w_3bb142c
1708,w_e069b6a
1709,w_6ee9735
1710,w_6b2ecc8
1711,w_fed1938
1712,w_007fefa
1713,w_b950c88
1714,w_1f429ff
1715,w_7aa47a8
1716,w_1e283bb
1717,w_d786f52
1718,w_df5bf3d
1719,w_fa11a3f
1720,w_276d61d
1721,w_be776c7
1722,w_c1bab16
1723,w_80fc994
1724,w_a7d01cb
1725,w_b5e6c80
1726,w_8003858
1727,w_d9aecac
1728,w_305456a
1729,w_e93b569
1730,w_7388288
1731,w_e101093
1732,w_a404c77
1733,w_698fcbe
1734,w_210b625
1735,w_0745b0e
1736,w_4126cb1
1737,w_56af0a9
1738,w_49ae16f
1739,w_8075847
1740,w_b02f567
1741,w_740c748
1742,w_0fe07b7
1743,w_e50e9f9
1744,w_67a9841
1745,w_e6264df
1746,w_85baa9d
1747,w_d0728b9
1748,w_b3ca4b7
1749,w_b27b6c6
1750,w_12aae3e
1751,w_17be6f2
1752,w_efc5e07
1753,w_e897a60
1754,w_d6666c9
1755,w_d89acf0
1756,w_b07ec5d
1757,w_0d5fa2c
1758,w_d9c9d8d
1759,w_06e4776
1760,w_6091feb
1761,w_8a71ca4
1762,w_ac2df91
1763,w_5303b20
1764,w_d40e29c
1765,w_5ed2a38
1766,w_1932830
1767,w_45867cd
1768,w_39ea8fa
1769,w_f182e2a
1770,w_6d8b67b
1771,w_974c37d
1772,w_186d294
1773,w_4ad3d24
1774,w_d7aad03
1775,w_0e2b483
1776,w_b475feb
1777,w_a6703dd
1778,w_33eb301
1779,w_92f64ee
1780,w_836e895
1781,w_a33d1c0
1782,w_96b94d5
1783,w_5f0af76
1784,w_6d8f72e
1785,w_b66e1a5
1786,w_115e880
1787,w_581ba42
1788,w_a491df7
1789,w_8585e34
1790,w_c562266
1791,w_cb622a2
1792,w_3a192ed
1793,w_cfa9fb2
1794,w_62f10a4
1795,w_443afc0
1796,w_7c26ef7
1797,w_7f4e31e
1798,w_3d72a96
1799,w_14e1334
1800,w_c200e52
1801,w_4ac340b
1802,w_49e0d44
1803,w_a375d95
1804,w_2f6d4a8
1805,w_b4841bd
1806,w_686c0b3
1807,w_2ed0d2f
1808,w_ed07656
1809,w_14330a0
1810,w_181ab06
1811,w_0926777
1812,w_df4b60a
1813,w_cb50f6e
1814,w_3e89f09
1815,w_140a9ac
1816,w_acbedef
1817,w_0637181
1818,w_937830e
1819,w_72c56cc
1820,w_175d6fa
1821,w_8e47efa
1822,w_b1c5c0b
1823,w_bacd6f4
1824,w_d9cdc09
1825,w_0dd4a5d
1826,w_3f567ce
1827,w_d3e5689
1828,w_fee1e3e
1829,w_bcba9e8
1830,w_9e020d1
1831,w_fb9392c
1832,w_1029215
1833,w_decafbd
1834,w_62b631e
1835,w_fad9574
1836,w_4dbf0ad
1837,w_e4d326a
1838,w_60f11fb
1839,w_e66ac81
1840,w_c49a22d
1841,w_717b048
1842,w_2ec0a71
1843,w_20df2c5
1844,w_ec32fa6
1845,w_13ffdcf
1846,w_15f43ea
1847,w_0c69117
1848,w_fea5f70
1849,w_1759e4e
1850,w_955bfe2
1851,w_8c28a3c
1852,w_11d8c70
1853,w_1da93f8
1854,w_2d1592c
1855,w_bad166a
1856,w_4096187
1857,w_f6a5edf
1858,w_7d8c37c
1859,w_90fb95b
1860,w_867550f
1861,w_1260eb5
1862,w_44479bb
1863,w_d8fb98d
1864,w_3e4b155
1865,w_0e7aae1
1866,w_2f5caa9
1867,w_e73cce3
1868,w_8dddbee
1869,w_0f1cf57
1870,w_c170c5d
1871,w_6fc9857
1872,w_66dd189
1873,w_37bc202
1874,w_17c9df5
1875,w_7ec388a
1876,w_f94fc92
1877,w_a3b1a48
1878,w_e3ced4e
1879,w_b9ee9d1
1880,w_e2b0292
1881,w_75fc10c
1882,w_bdded04
1883,w_f7683f6
1884,w_0cdca97
1885,w_6441130
1886,w_02d5c46
1887,w_7656c1a
1888,w_4cf5e29
1889,w_8e58103
1890,w_21b94e3
1891,w_db30d65
1892,w_9119b08
1893,w_0c7ab0d
1894,w_80a59e6
1895,w_9db1fb1
1896,w_47aa042
1897,w_9f98ee1
1898,w_bd488f9
1899,w_d5a4a41
1900,w_a68bac6
1901,w_611d18b
1902,w_bbe90c0
1903,w_c720f04
1904,w_d6283ba
1905,w_2f79ae3
1906,w_0fb38fe
1907,w_d7ef410
1908,w_c88caf7
1909,w_3bc4a4f
1910,w_92eaff4
1911,w_7a3f10d
1912,w_245ac74
1913,w_2c3f556
1914,w_265ac62
1915,w_a0fcfc1
1916,w_13b343c
1917,w_7cc7ec6
1918,w_87ed7a9
1919,w_58bc953
1920,w_b3cf11e
1921,w_fdd3687
1922,w_b7dbec2
1923,w_7c718f4
1924,w_362ebae
1925,w_2c3768d
1926,w_e3582ac
1927,w_789e0e6
1928,w_51052c2
1929,w_cfe7928
1930,w_69bb761
1931,w_76a45de
1932,w_d1c9d7e
1933,w_66e3287
1934,w_bdd8ce5
1935,w_c815410
1936,w_cbcb5ed
1937,w_92f4498
1938,w_6e51c06
1939,w_e8b0946
1940,w_420254e
1941,w_56fcc39
1942,w_3aecb5c
1943,w_13e8097
1944,w_2a6d5ee
1945,w_9ba4a9a
1946,w_6525e6b
1947,w_69a58b2
1948,w_1d532b4
1949,w_580bfc3
1950,w_627187b
1951,w_9b1ee8e
1952,w_06f3291
1953,w_b2ef717
1954,w_7f0d18a
1955,w_30a7b3f
1956,w_9e52d87
1957,w_490d198
1958,w_6e999b0
1959,w_2e1416e
1960,w_72db52b
1961,w_9297b97
1962,w_bd1c3d5
1963,w_b9373bc
1964,w_c6b4d61
1965,w_0f0f15c
1966,w_3155d04
1967,w_0815d2c
1968,w_9b99992
1969,w_d3e9662
1970,w_3209f9e
1971,w_488865e
1972,w_df3b4cf
1973,w_c5afe0e
1974,w_4b04d0f
1975,w_90df70c
1976,w_b210a87
1977,w_8141e4e
1978,w_b037216
1979,w_2757c07
1980,w_e142c82
1981,w_0e35358
1982,w_b26e855
1983,w_69c06ad
1984,w_8f1a60f
1985,w_ed95d33
1986,w_4dfeafc
1987,w_e210cb5
1988,w_515bd01
1989,w_711b815
1990,w_2623921
1991,w_dce66a9
1992,w_5793f1c
1993,w_7e0659e
1994,w_0fefc62
1995,w_9b171a8
1996,w_a8fa5f2
1997,w_c5ed5fe
1998,w_5a63294
1999,w_8e74601
2000,w_1b4b202
2001,w_ae53e45
2002,w_f5a7f03
2003,w_9645aa9
2004,w_169a302
2005,w_d3b46e7
2006,w_5b227ec
2007,w_2e075b2
2008,w_5652083
2009,w_772c726
2010,w_fa7cd91
2011,w_2ff0834
2012,w_d240f68
2013,w_ba668da
2014,w_76fab39
2015,w_b4fe6b0
2016,w_87d3b93
2017,w_21d5943
2018,w_0d11fa9
2019,w_eadfd82
2020,w_5833b3d
2021,w_2e9d1b5
2022,w_85d9e99
2023,w_50260e7
2024,w_66b4513
2025,w_1e85eea
2026,w_c7d8935
2027,w_c8d5ad5
2028,w_c0b01ea
2029,w_d73c048
2030,w_f11cbbc
2031,w_d3582f2
2032,w_4ff2f4a
2033,w_bd4c2f4
2034,w_60122fa
2035,w_4bd850b
2036,w_0a7a37c
2037,w_dcc14b3
2038,w_336e046
2039,w_8d0a2a2
2040,w_65e0628
2041,w_b77efda
2042,w_60a2820
2043,w_2b39f31
2044,w_e3fb839
2045,w_dcd9088
2046,w_5be4e45
2047,w_41eb3b2
2048,w_d6d5928
2049,w_7d91458
2050,w_dd54cb2
2051,w_712b916
2052,w_d8a47de
2053,w_0bf90d9
2054,w_76e67dc
2055,w_b708e98
2056,w_3635d34
2057,w_da8166c
2058,w_9de2647
2059,w_1efb6fa
2060,w_b5c90a5
2061,w_75ec7c1
2062,w_52adbfa
2063,w_2349681
2064,w_7c5b20d
2065,w_0ad0f5b
2066,w_840061a
2067,w_99d53a9
2068,w_a76f0b7
2069,w_0a2e1ef
2070,w_9ac40d5
2071,w_952c233
2072,w_358cda3
2073,w_87e5b68
2074,w_5816f86
2075,w_e34ff4a
2076,w_1b7eaad
2077,w_57a546c
2078,w_7091e67
2079,w_58f3fd4
2080,w_5ac8fc1
2081,w_203042e
2082,w_f91389a
2083,w_412b5ad
2084,w_6c2aa5f
2085,w_2f350be
2086,w_d6a2ad8
2087,w_29d806a
2088,w_583aba1
2089,w_edf43c1
2090,w_81f8d47
2091,w_e4a9205
2092,w_ece94e8
2093,w_d953953
2094,w_6b3b848
2095,w_d3e3b56
2096,w_dd837b1
2097,w_038e5c3
2098,w_f94d9bb
2099,w_32838db
2100,w_f4314f3
2101,w_a27f93b
2102,w_9713cc3
2103,w_8dfedae
2104,w_71fa596
2105,w_d4661be
2106,w_72288ee
2107,w_409747f
2108,w_f00c99d
2109,w_4d61be5
2110,w_0140c92
2111,w_450878a
2112,w_bca4304
2113,w_25d662d
2114,w_4846b27
2115,w_de09116
2116,w_879dcef
2117,w_bf33ddf
2118,w_2807565
2119,w_7a8ce16
2120,w_23e1d57
2121,w_555dcb4
2122,w_9541441
2123,w_ac51301
2124,w_ae8982d
2125,w_675d7d7
2126,w_6c6ff4f
2127,w_71b9a85
2128,w_f459442
2129,w_d405854
2130,w_b9d5945
2131,w_f737a6c
2132,w_36c8c0d
2133,w_0a8e080
2134,w_1666216
2135,w_529fa56
2136,w_58d3dd3
2137,w_1650208
2138,w_a4fb1d8
2139,w_b39cbc8
2140,w_ee318d3
2141,w_abba153
2142,w_7ad1459
2143,w_358c519
2144,w_6e55e73
2145,w_32043b0
2146,w_efa6b4a
2147,w_34f5f2d
2148,w_3c972b3
2149,w_b7cf3f5
2150,w_9c08fc2
2151,w_e0f37d9
2152,w_f150d99
2153,w_420dafb
2154,w_b2af5eb
2155,w_72fc6e4
2156,w_2dd6b62
2157,w_716ac00
2158,w_3643be7
2159,w_ae924d9
2160,w_2ef6741
2161,w_3278209
2162,w_700ebb4
2163,w_61f25ae
2164,w_0032a46
2165,w_ebcf899
2166,w_d71289d
2167,w_c63fd83
2168,w_1d9592f
2169,w_093d284
2170,w_9094c50
2171,w_d4b1766
2172,w_d87f911
2173,w_d5874a4
2174,w_eb31833
2175,w_25e04d9
2176,w_84dc8cd
2177,w_d4c30a9
2178,w_8b1f4be
2179,w_611e69e
2180,w_98f2705
2181,w_9472e22
2182,w_de8def8
2183,w_cbda0d3
2184,w_538259a
2185,w_a08f3cd
2186,w_987fb30
2187,w_6fe5b8e
2188,w_2cdde18
2189,w_da5b8fe
2190,w_f79ca64
2191,w_aa5d5e3
2192,w_d6907f5
2193,w_7fe4082
2194,w_9d49420
2195,w_d71a790
2196,w_1257748
2197,w_e0a42ad
2198,w_3c4f583
2199,w_9b9602c
2200,w_dfdfeeb
2201,w_a335fc2
2202,w_1baf8df
2203,w_5fe949c
2204,w_2c1a562
2205,w_16def42
2206,w_636aa5b
2207,w_1a9e018
2208,w_d5c0064
2209,w_685115a
2210,w_28df1bb
2211,w_07768b0
2212,w_cfae8d8
2213,w_1e9caad
2214,w_6f22173
2215,w_9d95dee
2216,w_d31f7e6
2217,w_b72dc3d
2218,w_98cc97d
2219,w_c7cda47
2220,w_3b03149
2221,w_96c35cc
2222,w_0ee7878
2223,w_3dd4346
2224,w_20dfb69
2225,w_a40f40a
2226,w_d74498b
2227,w_7bbf268
2228,w_cfce505
2229,w_736cca3
2230,w_1006b9c
2231,w_17f5d1d
2232,w_afb4a42
2233,w_9bde64d
2234,w_6310ac7
2235,w_b7c9e1e
2236,w_986cf31
2237,w_cbdae16
2238,w_b5f7e89
2239,w_b1abd47
2240,w_cc9dfb5
2241,w_eced610
2242,w_bc7de9f
2243,w_ebea167
2244,w_3283995
2245,w_08753b7
2246,w_e06d673
2247,w_8d33cf5
2248,w_44a3ca5
2249,w_859dbc3
2250,w_90abfeb
2251,w_b3b887d
2252,w_a88f2c1
2253,w_35863c5
2254,w_5778858
2255,w_636b9a8
2256,w_d9e7ed3
2257,w_f64767d
2258,w_20c0bc0
2259,w_62db660
2260,w_1b8f126
2261,w_97146b3
2262,w_00b3dc2
2263,w_29a8580
2264,w_6df2400
2265,w_b919aad
2266,w_5591cd8
2267,w_b60e861
2268,w_334d7eb
2269,w_ed50c26
2270,w_81ee2ec
2271,w_bf2ee79
2272,w_e8aa833
2273,w_5877e51
2274,w_e7f704a
2275,w_c5b8268
2276,w_9142b9c
2277,w_73bfe11
2278,w_be65810
2279,w_d609d41
2280,w_85c5adf
2281,w_6df47c6
2282,w_34434d1
2283,w_f50b00d
2284,w_f08d3f7
2285,w_6189444
2286,w_0cfdaa5
2287,w_e038ff1
2288,w_13c9a17
2289,w_a112639
2290,w_5fcf350
2291,w_73d71d2
2292,w_349c277
2293,w_921cdae
2294,w_971d191
2295,w_82fac51
2296,w_56ed74d
2297,w_56cb095
2298,w_bb9306c
2299,w_f57fb81
2300,w_4f6b509
2301,w_3c8b9ea
2302,w_5cc8711
2303,w_8beb9f1
2304,w_06de0a6
2305,w_ae19ff0
2306,w_c4e658b
2307,w_27272a5
2308,w_1ea8997
2309,w_f73788a
2310,w_cdc55a8
2311,w_f3b2948
2312,w_030ac9b
2313,w_ee57fc5
2314,w_012678c
2315,w_42c1a3c
2316,w_59f4653
2317,w_71af602
2318,w_16df050
2319,w_25f1a4e
2320,w_d92b4c4
2321,w_5d35047
2322,w_0b7ce1e
2323,w_a4162d6
2324,w_268addf
2325,w_a5a0a57
2326,w_6fed7c4
2327,w_6dce358
2328,w_c1b90d1
2329,w_5557f1e
2330,w_41dd026
2331,w_5b463cf
2332,w_260e1d7
2333,w_4a61e0a
2334,w_5c083e6
2335,w_db2d2ac
2336,w_26f7c39
2337,w_63ff0ac
2338,w_49cd60d
2339,w_e01be7a
2340,w_a616378
2341,w_3137deb
2342,w_939423d
2343,w_e709b7d
2344,w_c3e88ae
2345,w_69cce86
2346,w_86665cc
2347,w_5946cd1
2348,w_ffcf5fe
2349,w_86ecf59
2350,w_3bd976e
2351,w_9e73e1b
2352,w_b128587
2353,w_e22b55f
2354,w_b384a00
2355,w_8ad2534
2356,w_ecc8d6c
2357,w_465e27a
2358,w_95c932d
2359,w_3ac9d34
2360,w_ed29ffe
2361,w_02aa597
2362,w_7203b68
2363,w_d68cf7c
2364,w_9a91c1e
2365,w_3e18700
2366,w_d853d93
2367,w_a2aaf01
2368,w_f78a4b1
2369,w_d7aef56
2370,w_0a84ac5
2371,w_b91bcd4
2372,w_13c715a
2373,w_5773c71
2374,w_9dbdb42
2375,w_f2d26f2
2376,w_f892ca8
2377,w_872f131
2378,w_29c88c2
2379,w_b389fe8
2380,w_c5b80f9
2381,w_3949bd6
2382,w_a7806ad
2383,w_2745292
2384,w_d6553ba
2385,w_a5e6557
2386,w_7ce08e6
2387,w_55e0064
2388,w_3e6cee1
2389,w_6b155e9
2390,w_fec5547
2391,w_cf35076
2392,w_cac9bdb
2393,w_cb4182e
2394,w_0ef790d
2395,w_c5a7b38
2396,w_6caa59f
2397,w_9d5968b
2398,w_5d4c7fc
2399,w_a770c8f
2400,w_5a2634c
2401,w_c2372df
2402,w_4e864fd
2403,w_bc285a6
2404,w_56c9d4e
2405,w_b9d732d
2406,w_938ee78
2407,w_d108da5
2408,w_8ea9f68
2409,w_01e1b97
2410,w_86d0c34
2411,w_c1715f5
2412,w_ac608c7
2413,w_b17471a
2414,w_0350bf4
2415,w_da04408
2416,w_21ae2d7
2417,w_cb88c1b
2418,w_fe87282
2419,w_0c23936
2420,w_d869993
2421,w_0027efa
2422,w_91037a7
2423,w_0b356c2
2424,w_dc27ce9
2425,w_1d0830e
2426,w_6aff5b1
2427,w_c144f80
2428,w_c5ee28a
2429,w_a44a9b2
2430,w_b1be75f
2431,w_eae7e41
2432,w_118a4a4
2433,w_2a98962
2434,w_0b398b2
2435,w_8c8f8b6
2436,w_2f2c0d6
2437,w_0af3867
2438,w_e19c1d6
2439,w_3346f4e
2440,w_4e8ae1d
2441,w_7834cde
2442,w_877de07
2443,w_ecdef5e
2444,w_9cff87c
2445,w_07e0c3c
2446,w_38c8a8d
2447,w_e11afff
2448,w_0e2a5bd
2449,w_010f858
2450,w_70db0cc
2451,w_eb13108
2452,w_ea40c36
2453,w_564a34b
2454,w_e0cf908
2455,w_67dee15
2456,w_73b2fe3
2457,w_29cde7c
2458,w_d2a35ca
2459,w_03ea6f9
2460,w_b860053
2461,w_263bd97
2462,w_18666da
2463,w_597758e
2464,w_8fd3810
2465,w_1834b49
2466,w_b311fb6
2467,w_9d86594
2468,w_f43d7eb
2469,w_efd4d25
2470,w_d875f4d
2471,w_e9e413e
2472,w_931b78f
2473,w_58afeb2
2474,w_e533679
2475,w_9a9a2c8
2476,w_755fc10
2477,w_972e7db
2478,w_2e231f4
2479,w_aec2b6d
2480,w_49ee8e0
2481,w_8340caf
2482,w_9573686
2483,w_c563492
2484,w_01976db
2485,w_af367c3
2486,w_12fdac7
2487,w_a023497
2488,w_06fb64a
2489,w_260a2e7
2490,w_0714a46
2491,w_9f13096
2492,w_ebad318
2493,w_905944f
2494,w_8f1069a
2495,w_d603939
2496,w_523fb3a
2497,w_e6450bc
2498,w_0f03c44
2499,w_44e59c7
2500,w_fa70157
2501,w_298a035
2502,w_d84afa9
2503,w_a981164
2504,w_4516ff1
2505,w_64404ac
2506,w_593949b
2507,w_7f5d9fd
2508,w_7c21ab5
2509,w_b7411e8
2510,w_5e5fec6
2511,w_b0ffd3b
2512,w_022d2f5
2513,w_9c506f6
2514,w_c650bde
2515,w_171794e
2516,w_d945006
2517,w_5802b33
2518,w_6cb0480
2519,w_4c18cce
2520,w_f3f23d6
2521,w_778e474
2522,w_9da1811
2523,w_e05e755
2524,w_0f5666b
2525,w_d94fa7a
2526,w_6cec90c
2527,w_1fe6c6e
2528,w_5a0ef9f
2529,w_01ed442
2530,w_eee74c2
2531,w_888d8e3
2532,w_bdb3a05
2533,w_1ccea93
2534,w_fe8e55c
2535,w_92cb156
2536,w_0887d9b
2537,w_0ac10f3
2538,w_a3dc2bd
2539,w_b67fcb9
2540,w_f0a8b3e
2541,w_62e5aa0
2542,w_e21b25f
2543,w_c70fbcd
2544,w_5b870e8
2545,w_243b654
2546,w_ddda4a4
2547,w_0f86e70
2548,w_2e4cb98
2549,w_8affab2
2550,w_3263e72
2551,w_a763725
2552,w_2f8895a
2553,w_c097a16
2554,w_e4d305b
2555,w_d2d7c5d
2556,w_112d2f8
2557,w_af520bd
2558,w_122e247
2559,w_a053e56
2560,w_42b0064
2561,w_ac867fb
2562,w_6cda039
2563,w_9a2b01d
2564,w_056913a
2565,w_7f762d8
2566,w_5bd26de
2567,w_3a333ae
2568,w_9d56f22
2569,w_563d4b1
2570,w_c4ebf9e
2571,w_a67b4e6
2572,w_9be2d22
2573,w_f864358
2574,w_fbf7d73
2575,w_d23bd09
2576,w_59d1835
2577,w_b26717d
2578,w_78e229f
2579,w_631564e
2580,w_80b474e
2581,w_f3b6937
2582,w_c5e8495
2583,w_0135f5f
2584,w_6eed962
2585,w_56d38d8
2586,w_ce1aed8
2587,w_b09e884
2588,w_6c0cdb1
2589,w_139d19a
2590,w_42d6484
2591,w_e6d46e4
2592,w_12ce4f8
2593,w_9800d65
2594,w_595dbd3
2595,w_bbdfec9
2596,w_09bd7e8
2597,w_28f572d
2598,w_e132302
2599,w_d9993ee
2600,w_5c85850
2601,w_553d3d0
2602,w_e568f47
2603,w_bace126
2604,w_5390260
2605,w_27aa28c
2606,w_5fcd8d4
2607,w_8d0d921
2608,w_12cc52d
2609,w_8f2943e
2610,w_e20ff88
2611,w_8c6ad69
2612,w_f3cf672
2613,w_fd3a3f0
2614,w_b7b1472
2615,w_5c2dc82
2616,w_2500327
2617,w_2e4b740
2618,w_a84be0c
2619,w_cee684e
2620,w_5ccee38
2621,w_9c89384
2622,w_5f54045
2623,w_38e4345
2624,w_76f95b1
2625,w_953b7b2
2626,w_42e0e40
2627,w_3c8f7da
2628,w_31233f8
2629,w_d947e85
2630,w_2df37cc
2631,w_f6524e1
2632,w_1a20162
2633,w_3b71107
2634,w_e73d9a5
2635,w_01a1d88
2636,w_fcf1d68
2637,w_ae73598
2638,w_c82b49f
2639,w_15a9ec1
2640,w_fd718fb
2641,w_5e47cfb
2642,w_5031cac
2643,w_04738c8
2644,w_2362d7f
2645,w_ead1f5a
2646,w_1f7c696
2647,w_a17b628
2648,w_408f9ea
2649,w_c85ff1e
2650,w_981075b
2651,w_f3887f1
2652,w_8e3a722
2653,w_40be8d6
2654,w_e2530bf
2655,w_dc56028
2656,w_9713c92
2657,w_2980f85
2658,w_28d57ec
2659,w_d64c2ec
2660,w_84f9ab0
2661,w_f48451c
2662,w_8a56270
2663,w_6e3b6a5
2664,w_8261f4d
2665,w_b4db669
2666,w_dff32c6
2667,w_d05fc81
2668,w_0003c59
2669,w_3ec7fa2
2670,w_a8a52de
2671,w_53feb91
2672,w_222ba28
2673,w_f40dfa0
2674,w_2597710
2675,w_2d7c2dd
2676,w_297503e
2677,w_bf960fa
2678,w_f0708c8
2679,w_32e705d
2680,w_a4140a6
2681,w_b639aa6
2682,w_9164e9a
2683,w_3207433
2684,w_5966e55
2685,w_f8bb266
2686,w_e65051b
2687,w_57acd97
2688,w_3904956
2689,w_463f219
2690,w_f3179b3
2691,w_261878d
2692,w_1e286e0
2693,w_b18df25
2694,w_abf193d
2695,w_8eae2c3
2696,w_2db0644
2697,w_e493834
2698,w_c875e45
2699,w_8778b22
2700,w_9fb95f6
2701,w_4eb128b
2702,w_da16ee8
2703,w_d33bc7f
2704,w_48b1730
2705,w_76a76ca
2706,w_662530e
2707,w_c2677ee
2708,w_971e2c5
2709,w_78cfcbf
2710,w_57733e3
2711,w_ddc5518
2712,w_97f4b38
2713,w_bf46204
2714,w_c073f96
2715,w_3c33b23
2716,w_ac835f9
2717,w_1daae48
2718,w_d3b1733
2719,w_4dcdda3
2720,w_633ead1
2721,w_53276a1
2722,w_efaba3b
2723,w_abfdd10
2724,w_108b2ed
2725,w_45c3ea2
2726,w_0369a5c
2727,w_e68c38c
2728,w_0ee1b0f
2729,w_06619ff
2730,w_8193215
2731,w_c7a8a7f
2732,w_c82dafb
2733,w_25b2b3d
2734,w_b8b8383
2735,w_a3181a0
2736,w_1e81b43
2737,w_ef83760
2738,w_7e07b6a
2739,w_274d994
2740,w_2e706fc
2741,w_22b8752
2742,w_8c8c45a
2743,w_3f21fed
2744,w_0bbc3cb
2745,w_bb2cbcf
2746,w_4bc3d74
2747,w_c11f9d8
2748,w_73282ec
2749,w_c896384
2750,w_ea91c50
2751,w_34ecf36
2752,w_b1461a9
2753,w_d0a7600
2754,w_86f3e45
2755,w_fd906cc
2756,w_05b4b0c
2757,w_2cd7341
2758,w_d6d2e4f
2759,w_9072933
2760,w_91dd720
2761,w_2759bb6
2762,w_4d7df64
2763,w_e8c45dd
2764,w_9af8eba
2765,w_f056e82
2766,w_0f00df0
2767,w_bc511b5
2768,w_b1d49c5
2769,w_09c8a69
2770,w_16a13bb
2771,w_1f1cee1
2772,w_1dd336a
2773,w_4370f94
2774,w_1c2e409
2775,w_61d6612
2776,w_64cddcd
2777,w_4a12050
2778,w_b9bae7f
2779,w_470be90
2780,w_99b7ba2
2781,w_600bf1b
2782,w_50707c4
2783,w_5d2dac8
2784,w_52464e6
2785,w_dea6580
2786,w_445cc76
2787,w_e732406
2788,w_70a2a2f
2789,w_7b703d1
2790,w_286d2cc
2791,w_3f93ee8
2792,w_8d71480
2793,w_afcf807
2794,w_6555d06
2795,w_3ef0017
2796,w_015a4bf
2797,w_3d67c3b
2798,w_1419d90
2799,w_518a722
2800,w_866f40e
2801,w_637c73b
2802,w_b3afb40
2803,w_7395388
2804,w_7150989
2805,w_f652809
2806,w_3b03245
2807,w_45473b9
2808,w_3853f4b
2809,w_d4999d4
2810,w_ad88c85
2811,w_d2e4f28
2812,w_db0027e
2813,w_81eee24
2814,w_c405fe4
2815,w_9785e30
2816,w_bde88d5
2817,w_c06798f
2818,w_6e97ef4
2819,w_acd217a
2820,w_567d88c
2821,w_f4a9357
2822,w_fc90f18
2823,w_83e8a3e
2824,w_030e2cf
2825,w_06e6d5f
2826,w_a94ea72
2827,w_801e723
2828,w_c4232a3
2829,w_7648ac1
2830,w_64055b4
2831,w_94e8c02
2832,w_4cc62b9
2833,w_7122684
2834,w_54ae8bf
2835,w_639867f
2836,w_e1af623
2837,w_60a54be
2838,w_4a28f21
2839,w_0e0f074
2840,w_c4b02b0
2841,w_726c717
2842,w_dc97eed
2843,w_4797776
2844,w_540ac0a
2845,w_f353e6a
2846,w_e53ba4a
2847,w_ab10c70
2848,w_5482351
2849,w_b2bc537
2850,w_335a58c
2851,w_d542101
2852,w_f9fd8f9
2853,w_c89981f
2854,w_3079e26
2855,w_ed2e7d6
2856,w_b43d0fa
2857,w_29af733
2858,w_0bfdcca
2859,w_688590b
2860,w_4f14413
2861,w_21a7dac
2862,w_428f3c0
2863,w_c5935ae
2864,w_24c76d8
2865,w_3bdf2c6
2866,w_e89442d
2867,w_7e51d7b
2868,w_fe12bec
2869,w_17a3a21
2870,w_b101c26
2871,w_84d832d
2872,w_4b5ade3
2873,w_2e5ad54
2874,w_fe15413
2875,w_ac2574c
2876,w_5e285ed
2877,w_4ac8e76
2878,w_8f4d879
2879,w_3756834
2880,w_808d40b
2881,w_533f9ea
2882,w_67fa286
2883,w_cc00be9
2884,w_ebddbfb
2885,w_c5bb7bb
2886,w_0a8d318
2887,w_7e74b4e
2888,w_fa2ec89
2889,w_016f0ea
2890,w_365b7ad
2891,w_9be951c
2892,w_7087c88
2893,w_e8b2157
2894,w_04acf95
2895,w_9af8493
2896,w_13250ab
2897,w_af5d5e3
2898,w_14e5fe2
2899,w_2592960
2900,w_b51a226
2901,w_cfba5e0
2902,w_b6de8e1
2903,w_ccc26ea
2904,w_a49508b
2905,w_2d3ef19
2906,w_dec3c84
2907,w_4ede58b
2908,w_3982e1e
2909,w_ad6df15
2910,w_75c7a82
2911,w_0718183
2912,w_9353e7c
2913,w_d4d46bf
2914,w_94af7fd
2915,w_7d8c36f
2916,w_89f521e
2917,w_2d99567
2918,w_214e081
2919,w_dcefb3f
2920,w_919f33b
2921,w_c2de607
2922,w_4cc050e
2923,w_80acb6f
2924,w_9ffc9aa
2925,w_483947b
2926,w_84df97b
2927,w_83869d3
2928,w_0003639
2929,w_38c5952
2930,w_f84e6e1
2931,w_4f44a61
2932,w_df1cc01
2933,w_d287825
2934,w_85d9229
2935,w_6e7763b
2936,w_391ef09
2937,w_c2a1bc4
2938,w_92a47eb
2939,w_7351540
2940,w_bd26110
2941,w_2a1a012
2942,w_5f6f211
2943,w_f854d6b
2944,w_8aae94b
2945,w_81aa796
2946,w_0d145d4
2947,w_05081a8
2948,w_f65a725
2949,w_5e63553
2950,w_5d81be1
2951,w_63d6920
2952,w_b34830b
2953,w_027f528
2954,w_19dfa67
2955,w_fb52b93
2956,w_0abdaf4
2957,w_5db0eb7
2958,w_c4c380f
2959,w_04c9b23
2960,w_aa3489d
2961,w_c063530
2962,w_074a5ba
2963,w_c0e2505
2964,w_c97ad94
2965,w_91ed407
2966,w_a8f7906
2967,w_9ece6cb
2968,w_57abc0f
2969,w_28589bc
2970,w_1632c45
2971,w_477f7b1
2972,w_560305a
2973,w_03a82c1
2974,w_0292e15
2975,w_51f03a3
2976,w_0adb403
2977,w_8936c44
2978,w_e31480f
2979,w_7a427f2
2980,w_3216236
2981,w_944ac4f
2982,w_96c5fe0
2983,w_8af65ed
2984,w_17b0d3a
2985,w_22f2567
2986,w_9ed5f69
2987,w_177d88e
2988,w_bcb2fe3
2989,w_35e991b
2990,w_8ed7a45
2991,w_3f213d5
2992,w_4661aac
2993,w_73e5b74
2994,w_1bbc982
2995,w_814a1cc
2996,w_e6325d7
2997,w_1ff1582
2998,w_17a108a
2999,w_917cc49
3000,w_99d33cf
3001,w_52b60a6
3002,w_37e61c2
3003,w_69efdbe
3004,w_84714f4
3005,w_9060d27
3006,w_5010896
3007,w_e47e686
3008,w_55ef07b
3009,w_9d22d21
3010,w_aabdf8c
3011,w_754cc34
3012,w_b3cfa1d
3013,w_0d43823
3014,w_bb6217a
3015,w_e1b8378
3016,w_94da1e2
3017,w_93fcf89
3018,w_329c19c
3019,w_b8a02a2
3020,w_bece5a4
3021,w_5313587
3022,w_7d8b00d
3023,w_2efa6ab
3024,w_8eb9c42
3025,w_47daed4
3026,w_5b262f1
3027,w_43d8db4
3028,w_6b51160
3029,w_ff5fc91
3030,w_cf5e3ee
3031,w_7537a43
3032,w_9bd2794
3033,w_102e715
3034,w_a0265bd
3035,w_19a0b30
3036,w_536beda
3037,w_b524f96
3038,w_3108dce
3039,w_2694603
3040,w_903c254
3041,w_550ca18
3042,w_377ef2c
3043,w_7d02551
3044,w_a34d26b
3045,w_5ce9577
3046,w_e5b21c0
3047,w_98164c0
3048,w_101990d
3049,w_ad672ce
3050,w_6301785
3051,w_c379d78
3052,w_562b227
3053,w_7983f71
3054,w_98a87a6
3055,w_6ccf9c6
3056,w_2d6bb89
3057,w_0531ad5
3058,w_fd6a3ad
3059,w_e1f57e7
3060,w_e3e617e
3061,w_1887b5a
3062,w_641df87
3063,w_8b813a5
3064,w_82481c1
3065,w_6e6e6bc
3066,w_aa45520
3067,w_b99f945
3068,w_9e18daa
3069,w_444b771
3070,w_c8901c6
3071,w_94f41dc
3072,w_2fdb049
3073,w_653dde1
3074,w_6e209a8
3075,w_5a49beb
3076,w_6f62459
3077,w_92cb6d9
3078,w_7e5b9da
3079,w_9340ca3
3080,w_c562eba
3081,w_69edff7
3082,w_8c83452
3083,w_96f893b
3084,w_c5e1472
3085,w_ee9db93
3086,w_8debfa9
3087,w_2f67f0a
3088,w_fb3959d
3089,w_4e275ed
3090,w_f4a7ad7
3091,w_585fe5b
3092,w_7c60e77
3093,w_bfe77d0
3094,w_2e374c0
3095,w_ab629bb
3096,w_65a1bfa
3097,w_8799716
3098,w_9eaef8f
3099,w_f793b1f
3100,w_9e6d17e
3101,w_0e8341d
3102,w_b45ce21
3103,w_9d840d6
3104,w_4130233
3105,w_dd00c66
3106,w_54abcc3
3107,w_853aa18
3108,w_d72771c
3109,w_57aeea3
3110,w_3b955d1
3111,w_984bb5c
3112,w_454df60
3113,w_e0d3a78
3114,w_f201548
3115,w_0118bab
3116,w_d2c2be0
3117,w_ec0d867
3118,w_8c959a6
3119,w_4fd7b80
3120,w_1b5b199
3121,w_e129173
3122,w_1b0c4b7
3123,w_4c47a31
3124,w_bd18f3c
3125,w_3e979c0
3126,w_d0589c5
3127,w_792ffd7
3128,w_bc62c27
3129,w_066ac1a
3130,w_55782b0
3131,w_74c924a
3132,w_32eaf54
3133,w_edf0164
3134,w_8431ae8
3135,w_15fb899
3136,w_8e63d5c
3137,w_38de45d
3138,w_5bac7bb
3139,w_beb062d
3140,w_52182de
3141,w_cffd90e
3142,w_59109e5
3143,w_45b1b01
3144,w_bc733ec
3145,w_da2cf74
3146,w_8be8406
3147,w_c058057
3148,w_6bee56d
3149,w_4024b54
3150,w_6beaa7d
3151,w_734f6b5
3152,w_988e8ec
3153,w_2ad05e9
3154,w_a1756d9
3155,w_343f088
3156,w_207f153
3157,w_367fb60
3158,w_f8511e9
3159,w_c2426a1
3160,w_36b8101
3161,w_36828b8
3162,w_2fe1c3f
3163,w_4f3cebf
3164,w_abfccb7
3165,w_dfe485f
3166,w_5d90c48
3167,w_579e5f0
3168,w_2f3badb
3169,w_a90164b
3170,w_e966f36
3171,w_f2fd557
3172,w_cd6743e
3173,w_dd80742
3174,w_2b65b34
3175,w_ee2326a
3176,w_11e75bf
3177,w_550dd10
3178,w_ddff916
3179,w_5821157
3180,w_dc94d80
3181,w_e71f9c7
3182,w_eaaa42f
3183,w_dea40e2
3184,w_ea67beb
3185,w_19671ad
3186,w_e936b45
3187,w_3f915dc
3188,w_090c801
3189,w_f8c22dc
3190,w_1da3327
3191,w_472b51c
3192,w_26db444
3193,w_3e5a926
3194,w_0ca546b
3195,w_b38f64b
3196,w_be1a38b
3197,w_673ff5b
3198,w_0e9f07a
3199,w_f812227
3200,w_1faf1e4
3201,w_06471d5
3202,w_d7998d1
3203,w_eccd505
3204,w_fd0d9a2
3205,w_4fadedd
3206,w_6b41a2c
3207,w_99f5a1a
3208,w_f19aeb4
3209,w_cf88f4b
3210,w_a2a40d2
3211,w_f7193ed
3212,w_1c39fb1
3213,w_0630c3e
3214,w_c0c4587
3215,w_ce8906f
3216,w_7064855
3217,w_7b05eeb
3218,w_f9b13d2
3219,w_e9b4719
3220,w_6943d6f
3221,w_b164c63
3222,w_1647882
3223,w_98bac23
3224,w_7d5a3b0
3225,w_a6df3a5
3226,w_7e1ce0a
3227,w_7e70b7c
3228,w_70e9661
3229,w_95b8b64
3230,w_297e53a
3231,w_c7e1b12
3232,w_0513962
3233,w_2e29743
3234,w_911384a
3235,w_bfed9c6
3236,w_569ed76
3237,w_e7de767
3238,w_664a4bb
3239,w_ec16cc4
3240,w_21b3c7e
3241,w_ad3a043
3242,w_36f91ad
3243,w_95f78f6
3244,w_0e26d1a
3245,w_8301946
3246,w_b230d25
3247,w_98f16af
3248,w_53aa231
3249,w_d3e323d
3250,w_2137c6f
3251,w_6279534
3252,w_753d66c
3253,w_fd6b0da
3254,w_bec9c95
3255,w_c371f0d
3256,w_96dd362
3257,w_4112f9a
3258,w_01cb0c4
3259,w_06460d7
3260,w_dd6dddf
3261,w_24b2561
3262,w_39f3e3a
3263,w_49ce813
3264,w_820e136
3265,w_910831a
3266,w_b00d1a7
3267,w_7250aef
3268,w_f035513
3269,w_8e5d8ff
3270,w_e63ea91
3271,w_b012783
3272,w_1032fa3
3273,w_ac97190
3274,w_1870783
3275,w_7d79c77
3276,w_34941d8
3277,w_0d7b050
3278,w_548a268
3279,w_208db25
3280,w_65dadc8
3281,w_b397217
3282,w_9b89c88
3283,w_cd99382
3284,w_5612025
3285,w_4a1b689
3286,w_a8276b4
3287,w_62fc862
3288,w_dc76f1c
3289,w_567502c
3290,w_8b05f21
3291,w_7fcf284
3292,w_82e7319
3293,w_2f1488c
3294,w_1684cac
3295,w_dd18ea8
3296,w_072179d
3297,w_fb6fbcb
3298,w_bda67e7
3299,w_b019a50
3300,w_a8fcebc
3301,w_6f7611c
3302,w_697c75f
3303,w_3eabdac
3304,w_091ec23
3305,w_96985c1
3306,w_f527bd3
3307,w_2a0e817
3308,w_5a8902d
3309,w_c6d75ff
3310,w_49d1bcd
3311,w_9614e63
3312,w_c7bd8e7
3313,w_5b5b849
3314,w_b23555d
3315,w_00d5466
3316,w_ed620af
3317,w_6c4a986
3318,w_69c8945
3319,w_ff22dd7
3320,w_85d152a
3321,w_b7b0ad7
3322,w_0ecda0a
3323,w_34afc43
3324,w_88b2b19
3325,w_f4af291
3326,w_c59d924
3327,w_2d0cfc1
3328,w_0d77f32
3329,w_8bcf8fc
3330,w_f9707a7
3331,w_77f9c5f
3332,w_a71d6bf
3333,w_0bc078c
3334,w_4ea4f59
3335,w_deda5f7
3336,w_5d8ee24
3337,w_2570b49
3338,w_2aaa3b5
3339,w_dec9108
3340,w_408835c
3341,w_27fd7e3
3342,w_8d99f99
3343,w_927dcdc
3344,w_75df747
3345,w_4b143db
3346,w_bdf9612
3347,w_5325f8a
3348,w_2fcfc71
3349,w_53d3f73
3350,w_f7d8d22
3351,w_85a2285
3352,w_a687883
3353,w_c9fc1f5
3354,w_28c1ced
3355,w_ec7e60a
3356,w_8e04a78
3357,w_6e76427
3358,w_248381e
3359,w_519416c
3360,w_61ed07a
3361,w_8b943ef
3362,w_025911c
3363,w_bef2a3f
3364,w_bc022c6
3365,w_47996c6
3366,w_d7bfad6
3367,w_9e5c031
3368,w_6aab519
3369,w_e09baaa
3370,w_1ef6c12
3371,w_e20dcb5
3372,w_e26e0fc
3373,w_277d911
3374,w_a37815c
3375,w_e4502b3
3376,w_2f4be30
3377,w_d4fc12d
3378,w_655fe84
3379,w_8ad8cf1
3380,w_83d10c1
3381,w_da15b9b
3382,w_0532483
3383,w_9634512
3384,w_f391bb0
3385,w_888a1ea
3386,w_8a4618d
3387,w_5823d7b
3388,w_a8a6e1f
3389,w_328e490
3390,w_6f7667a
3391,w_55fffeb
3392,w_db0c7fd
3393,w_c27e664
3394,w_8d09425
3395,w_bdfd856
3396,w_cfcace7
3397,w_3ce8ffa
3398,w_0b1e4a6
3399,w_bd80cf2
3400,w_05669fe
3401,w_43fa7fc
3402,w_090c08a
3403,w_46796cc
3404,w_05fbf14
3405,w_8507818
3406,w_a31ead9
3407,w_742f7f5
3408,w_10a4e10
3409,w_d9d1e17
3410,w_66168f1
3411,w_25085e0
3412,w_c262606
3413,w_5f39ad8
3414,w_b2606f3
3415,w_6da5a82
3416,w_13ae3d4
3417,w_db96784
3418,w_f009245
3419,w_57db059
3420,w_b3197c6
3421,w_f7cd240
3422,w_fdcaaa8
3423,w_401f5a1
3424,w_1ea5d96
3425,w_4a01f24
3426,w_02545ea
3427,w_0db234e
3428,w_2858e46
3429,w_5df7574
3430,w_815a843
3431,w_af9b524
3432,w_497efb9
3433,w_ec7f1b3
3434,w_c55c51d
3435,w_ddb62c2
3436,w_bb086fc
3437,w_61b9586
3438,w_79eb216
3439,w_3b32955
3440,w_2c0f96c
3441,w_3e4a1a5
3442,w_7c82391
3443,w_f437f82
3444,w_283ceeb
3445,w_0bb9927
3446,w_382262b
3447,w_307e5e9
3448,w_3bfa4f8
3449,w_146208a
3450,w_47e88ee
3451,w_2f8eda5
3452,w_db0c461
3453,w_463295b
3454,w_3a34d6f
3455,w_d962e2b
3456,w_cd4cb49
3457,w_df6efd0
3458,w_7918564
3459,w_15b5df2
3460,w_a421b77
3461,w_27b7295
3462,w_99545ba
3463,w_8a10a82
3464,w_04d1c8c
3465,w_1e3e9a7
3466,w_e1c5b57
3467,w_40efb29
3468,w_24c6ff8
3469,w_e2372d6
3470,w_731fe92
3471,w_7e579dd
3472,w_4adc1c0
3473,w_40acf40
3474,w_6187461
3475,w_3334d3f
3476,w_20930e7
3477,w_ec63b66
3478,w_57bc12e
3479,w_303a3c4
3480,w_9fc06d4
3481,w_9c86f48
3482,w_c2749eb
3483,w_e53bb95
3484,w_6b90e54
3485,w_1a619db
3486,w_f1d2902
3487,w_12e7c23
3488,w_4a8467f
3489,w_a074110
3490,w_23bfd0a
3491,w_3c254c1
3492,w_8305a19
3493,w_e66ced8
3494,w_551f361
3495,w_06ec6e6
3496,w_e1702d4
3497,w_88aca21
3498,w_171ca39
3499,w_ef30316
3500,w_a780b2d
3501,w_1eb67e3
3502,w_99af1a9
3503,w_378bf61
3504,w_b8e1687
3505,w_fb8e059
3506,w_144ecb6
3507,w_397d143
3508,w_08eadf6
3509,w_f64d347
3510,w_9a5bb2d
3511,w_867569a
3512,w_bc1519b
3513,w_ad7b758
3514,w_aee6701
3515,w_4488584
3516,w_c40419a
3517,w_3b5aee2
3518,w_fc6dd24
3519,w_a5c74f4
3520,w_ac73445
3521,w_e13f4e8
3522,w_1574bd1
3523,w_fa887d3
3524,w_103aca2
3525,w_0e4b65e
3526,w_dfc9865
3527,w_8d80478
3528,w_db4284b
3529,w_18f9d19
3530,w_8279f22
3531,w_5e939ca
3532,w_aa2d6fc
3533,w_5d36478
3534,w_37d2f3a
3535,w_bbfce38
3536,w_1d35a02
3537,w_cb10f79
3538,w_d6f61cb
3539,w_9fe60cd
3540,w_e3956f5
3541,w_cff7fde
3542,w_2b1b04e
3543,w_dd677ef
3544,w_e56d7b2
3545,w_6f1f6b3
3546,w_f4980e2
3547,w_1ab568f
3548,w_f1cd92c
3549,w_118fad5
3550,w_988d0aa
3551,w_6465d75
3552,w_d0528f6
3553,w_23ce00e
3554,w_4c206e7
3555,w_ed1c5c2
3556,w_ef7824d
3557,w_c0d8dcd
3558,w_f08fb81
3559,w_14461a7
3560,w_141a880
3561,w_a94396f
3562,w_31e1bc1
3563,w_65c24c3
3564,w_900c68f
3565,w_ae6ac74
3566,w_0a4f5c9
3567,w_88b3466
3568,w_45e98c0
3569,w_732d22c
3570,w_95a5270
3571,w_ce59977
3572,w_363a5aa
3573,w_6ebfe7b
3574,w_1032bb6
3575,w_8092f18
3576,w_b6e4761
3577,w_0df7caf
3578,w_f382f59
3579,w_7038727
3580,w_b1e0959
3581,w_f0ba4a2
3582,w_92c4ea5
3583,w_0788c36
3584,w_352445a
3585,w_cc07b1d
3586,w_527a019
3587,w_898f02d
3588,w_e64cf9a
3589,w_2ed0acc
3590,w_eb3f1ff
3591,w_0da9a8f
3592,w_707ce0f
3593,w_1c63738
3594,w_cac17d9
3595,w_1a31542
3596,w_00656c0
3597,w_43f0465
3598,w_060ec6d
3599,w_efbdcbc
3600,w_94f4850
3601,w_565d73a
3602,w_aa0dacc
3603,w_9bebed8
3604,w_2ac6611
3605,w_a589923
3606,w_4f6e5a9
3607,w_996dca0
3608,w_6b00c91
3609,w_fe95c92
3610,w_fa478eb
3611,w_f8b7f05
3612,w_a9a4878
3613,w_4f3dc75
3614,w_5535fd3
3615,w_2fdf4cb
3616,w_b8c537a
3617,w_f8b4ea9
3618,w_db88b61
3619,w_c9d479f
3620,w_7c1435e
3621,w_e36b021
3622,w_bafb1e8
3623,w_61e4248
3624,w_ace2814
3625,w_c0bf8f8
3626,w_728c615
3627,w_acba807
3628,w_0ea7436
3629,w_fc0cb69
3630,w_0823d50
3631,w_c713416
3632,w_f636f80
3633,w_d5bbfbc
3634,w_b877008
3635,w_3f5c708
3636,w_83d1ab6
3637,w_55ed30b
3638,w_c3d896a
3639,w_c566a3d
3640,w_2b4b82e
3641,w_095e3eb
3642,w_a79e4fc
3643,w_b785729
3644,w_64f4963
3645,w_febd4fe
3646,w_3976c05
3647,w_3823d66
3648,w_8e92662
3649,w_5831e13
3650,w_d307d9d
3651,w_a6067a9
3652,w_1b3baf7
3653,w_71df35a
3654,w_7272aa5
3655,w_16b7fec
3656,w_f10d0eb
3657,w_3da0eae
3658,w_bd25728
3659,w_45e0e10
3660,w_be5615a
3661,w_e74475b
3662,w_2a1a125
3663,w_e8ab3c8
3664,w_dc651ad
3665,w_48619b3
3666,w_df86a42
3667,w_5485228
3668,w_270f505
3669,w_715ceba
3670,w_40dc8f2
3671,w_e2e7384
3672,w_e026c82
3673,w_53d6a5e
3674,w_d3baa35
3675,w_bf5403e
3676,w_c25d2d1
3677,w_f9112ac
3678,w_0e1eccb
3679,w_45a768c
3680,w_902d8ef
3681,w_6ed6320
3682,w_f39c242
3683,w_e0ca4f5
3684,w_cf18ab7
3685,w_bc4da71
3686,w_76d1f84
3687,w_15805cd
3688,w_0f25e3c
3689,w_9be7408
3690,w_dc7d6d7
3691,w_092d942
3692,w_cc1784d
3693,w_86220e0
3694,w_6041acb
3695,w_1d1fffe
3696,w_b2a4769
3697,w_c481650
3698,w_b3df6bf
3699,w_ffa6d42
3700,w_cb4d3ed
3701,w_9227ca2
3702,w_b2bc0c9
3703,w_5597026
3704,w_1b3c3a4
3705,w_6aca6f9
3706,w_fe9eac7
3707,w_c6d4cb6
3708,w_e19a641
3709,w_d97c490
3710,w_f314516
3711,w_f351d4b
3712,w_7ed8dac
3713,w_0fdf741
3714,w_bc9188e
3715,w_733e9cc
3716,w_5ad70f3
3717,w_3404de1
3718,w_37d7c02
3719,w_05d65b9
3720,w_33696ac
3721,w_2330989
3722,w_9a8c7dd
3723,w_966f46a
3724,w_714f89f
3725,w_2d5dc31
3726,w_8153aa9
3727,w_68ed1f9
3728,w_67a56b4
3729,w_e79fed4
3730,w_45e277d
3731,w_2f94559
3732,w_0301302
3733,w_5d9f814
3734,w_10f4afc
3735,w_a473267
3736,w_80bb6c7
3737,w_8a9e295
3738,w_7677b27
3739,w_3dc1e42
3740,w_1ff168e
3741,w_10bb1ba
3742,w_c9628f2
3743,w_fccccec
3744,w_54e7b40
3745,w_ccf1342
3746,w_68aa903
3747,w_2de1c5c
3748,w_13c8177
3749,w_8eec034
3750,w_78ca251
3751,w_f353d20
3752,w_a92e68e
3753,w_28cb717
3754,w_1104cca
3755,w_c56fefc
3756,w_1a96d7b
3757,w_6eec015
3758,w_0d93517
3759,w_e5ad760
3760,w_44fe688
3761,w_c62ca3a
3762,w_dadaa2e
3763,w_46a38a6
3764,w_54fd73d
3765,w_9b16b48
3766,w_06a10b4
3767,w_21666ad
3768,w_0dfb4f6
3769,w_179c9f0
3770,w_e3056e9
3771,w_d11ce9a
3772,w_4af7c01
3773,w_2972f31
3774,w_b1f637e
3775,w_51fe22f
3776,w_67a270c
3777,w_82d886f
3778,w_9fac3c2
3779,w_eaa5dbb
3780,w_df6b050
3781,w_bf7c89a
3782,w_b4ab5b5
3783,w_491e1d4
3784,w_4f8332a
3785,w_33aaa44
3786,w_17fef9b
3787,w_c1e1867
3788,w_e6d5621
3789,w_2df85e7
3790,w_114a297
3791,w_50e8d58
3792,w_22e82fa
3793,w_1efbb8e
3794,w_2e45865
3795,w_f119baa
3796,w_f176dcf
3797,w_d76f21b
3798,w_6e6307e
3799,w_97074d8
3800,w_197979e
3801,w_a053ed9
3802,w_4b8638b
3803,w_da443d9
3804,w_fa8c44c
3805,w_a6d6964
3806,w_73d6671
3807,w_bde0cd0
3808,w_3feca90
3809,w_d91feb2
3810,w_e85af00
3811,w_bee8a00
3812,w_79e750b
3813,w_bb4f52e
3814,w_1275240
3815,w_9423ba4
3816,w_a54ea89
3817,w_8ea0c7d
3818,w_a6a732d
3819,w_52db74a
3820,w_9c68fe8
3821,w_ff6065f
3822,w_02156b0
3823,w_789c969
3824,w_0c5f019
3825,w_c7e2a65
3826,w_71a1a08
3827,w_db484db
3828,w_049ae2e
3829,w_3f5e8d7
3830,w_4888003
3831,w_b30acf8
3832,w_c9a569d
3833,w_662c89b
3834,w_e5ab551
3835,w_a6f9d33
3836,w_89e559b
3837,w_3a4789b
3838,w_db3cfa4
3839,w_2f702db
3840,w_f6c5343
3841,w_fdceb44
3842,w_072f593
3843,w_022b708
3844,w_9236fb3
3845,w_2f87cc7
3846,w_85222f9
3847,w_5babd8c
3848,w_b7ad0fb
3849,w_527aa02
3850,w_8b3a8b3
3851,w_2e69752
3852,w_491bdcb
3853,w_0f84e7c
3854,w_91cc02c
3855,w_35614d4
3856,w_2fc775e
3857,w_ecbd28f
3858,w_2b069ba
3859,w_93ef4fa
3860,w_0e0b65c
3861,w_9037ac5
3862,w_ec4bcf9
3863,w_1286f9e
3864,w_8103832
3865,w_7d06258
3866,w_1f8c439
3867,w_0bfc890
3868,w_658f76d
3869,w_896b139
3870,w_90a7b56
3871,w_0d98e43
3872,w_8b23e5f
3873,w_0f4d4ac
3874,w_0749e87
3875,w_4f7eac5
3876,w_888391a
3877,w_4516d31
3878,w_9f02ca1
3879,w_4857351
3880,w_d24c654
3881,w_addd610
3882,w_8b8dcf5
3883,w_36e5992
3884,w_3fe5d56
3885,w_7afb40a
3886,w_6b57529
3887,w_6eb10d2
3888,w_9f2fb13
3889,w_c4faf7d
3890,w_cf1e889
3891,w_3e39c9c
3892,w_396c12b
3893,w_77150d0
3894,w_03e3e5e
3895,w_5fa42d3
3896,w_5fedd5f
3897,w_bb7d9d5
3898,w_54c535e
3899,w_ec1eb03
3900,w_d64a9fa
3901,w_edce644
3902,w_68eaf36
3903,w_9aa9809
3904,w_7d9d014
3905,w_cf31c86
3906,w_5ae026a
3907,w_1f41b98
3908,w_79cfcab
3909,w_d063697
3910,w_91b96c1
3911,w_6545943
3912,w_c80541e
3913,w_57bf435
3914,w_4669e6a
3915,w_da577dd
3916,w_2424e82
3917,w_580ba51
3918,w_48b6083
3919,w_0bdb7a5
3920,w_9ba6731
3921,w_6e305f5
3922,w_d976668
3923,w_3d7dbf1
3924,w_4b4f9b7
3925,w_5037cfd
3926,w_7860ed5
3927,w_293431f
3928,w_538cdf2
3929,w_4c2af2c
3930,w_3f78360
3931,w_a2b9ae8
3932,w_8a1b71c
3933,w_1920193
3934,w_314bc30
3935,w_eaed433
3936,w_a8d89df
3937,w_1d2d323
3938,w_1e99233
3939,w_9cea9cf
3940,w_cb9f118
3941,w_df34804
3942,w_e4b4611
3943,w_d1518b9
3944,w_2623b69
3945,w_a046389
3946,w_6568270
3947,w_6b28b1c
3948,w_5116e7e
3949,w_3b50da5
3950,w_650f061
3951,w_6fd8b4b
3952,w_f3addb7
3953,w_0b10e7c
3954,w_01f14e1
3955,w_e26eb46
3956,w_3ad0f37
3957,w_11ac036
3958,w_4e33dc8
3959,w_832917d
3960,w_c16cb2c
3961,w_5dc4f38
3962,w_08d5864
3963,w_9adf29b
3964,w_d0bfef3
3965,w_6c3ec2d
3966,w_dd04e32
3967,w_c5c01af
3968,w_d2facb4
3969,w_4951cb9
3970,w_bab0057
3971,w_2d5492b
3972,w_9ff0b7b
3973,w_cd645e4
3974,w_5b8805a
3975,w_a3e2d0f
3976,w_bfcad53
3977,w_5ff73b9
3978,w_56e52fb
3979,w_0886321
3980,w_91005b3
3981,w_fbcd329
3982,w_8b647d4
3983,w_d1f7ea7
3984,w_bef0a5d
3985,w_f2dd08f
3986,w_75d0e61
3987,w_7ab2120
3988,w_6822dbc
3989,w_a933a19
3990,w_bc5dbf9
3991,w_1b70f3f
3992,w_6c2e008
3993,w_e145c7a
3994,w_ad6a6ca
3995,w_76ad1d2
3996,w_ded330f
3997,w_39c246e
3998,w_85bb73c
3999,w_0ac1b5f
4000,w_98d1f63
4001,w_fc2726b
4002,w_fa52b0c
4003,w_ab44ae4
4004,w_038dfc0
4005,w_16dba74
4006,w_b60ef24
4007,w_62ff333
4008,w_d13848b
4009,w_24076b5
4010,w_b4e9da5
4011,w_75b6e81
4012,w_cf5335b
4013,w_37e08ff
4014,w_5065c2b
4015,w_82de056
4016,w_95f3c8e
4017,w_7769d46
4018,w_df32eec
4019,w_bef54e9
4020,w_4982a49
4021,w_b003eb0
4022,w_187de67
4023,w_480d478
4024,w_ed009d3
4025,w_dee1053
4026,w_fd14088
4027,w_c68b887
4028,w_b54f70f
4029,w_a5b6ea7
4030,w_a5e109b
4031,w_9eccb4c
4032,w_d236b51
4033,w_262ec5b
4034,w_9143ee7
4035,w_1a70f3a
4036,w_bc57d81
4037,w_3e59d84
4038,w_24d3109
4039,w_7a320a3
4040,w_ce352a8
4041,w_01e1fe0
4042,w_79843ce
4043,w_3b90ba7
4044,w_36bbd71
4045,w_29c0caf
4046,w_1d7fd7d
4047,w_ffa542b
4048,w_45e2fc0
4049,w_b93105d
4050,w_d8a08f8
4051,w_438dd0b
4052,w_9a77724
4053,w_308c7b6
4054,w_e6faba8
4055,w_fae5d67
4056,w_5a696c2
4057,w_d3b48ef
4058,w_35b5c5d
4059,w_1bd2d91
4060,w_695c604
4061,w_67fa427
4062,w_4735be5
4063,w_bab14fa
4064,w_776a885
4065,w_8ace2d9
4066,w_04de239
4067,w_b0446cd
4068,w_d98ba44
4069,w_e759cd6
4070,w_86f34e8
4071,w_2d5b0e1
4072,w_51fc1fc
4073,w_927f345
4074,w_1c6465a
4075,w_b4d0c14
4076,w_a9a3878
4077,w_48a6027
4078,w_0655a0d
4079,w_39b9efe
4080,w_7737f65
4081,w_99c484f
4082,w_185bc11
4083,w_1dc7d3a
4084,w_bc101a3
4085,w_790fe92
4086,w_d18083c
4087,w_f37c434
4088,w_625e590
4089,w_15e7de5
4090,w_0a0c768
4091,w_71f5c74
4092,w_e9605ca
4093,w_298f605
4094,w_dd88965
4095,w_694a615
4096,w_5910d78
4097,w_c616473
4098,w_2f9b02c
4099,w_c9ea055
4100,w_bb56867
4101,w_c55519c
4102,w_b870e44
4103,w_3cc4623
4104,w_21fd105
4105,w_685d7a7
4106,w_1f8621d
4107,w_706e4fb
4108,w_037b23f
4109,w_dfd0ae8
4110,w_0da34d3
4111,w_ea6a9f4
4112,w_874b395
4113,w_914b110
4114,w_576026e
4115,w_f497e3f
4116,w_6b9af3a
4117,w_5ce4848
4118,w_1ebcda9
4119,w_102821e
4120,w_fbdddd6
4121,w_6dfc3f1
4122,w_dee8b12
4123,w_a26cf66
4124,w_1b4bb29
4125,w_18c481a
4126,w_0a3255c
4127,w_450fccf
4128,w_68a89b5
4129,w_5616581
4130,w_274f6db
4131,w_a915a6f
4132,w_91b678a
4133,w_a3ce1d5
4134,w_350a5ba
4135,w_9ad3551
4136,w_dbf6385
4137,w_0baf946
4138,w_5f20f03
4139,w_3962169
4140,w_b4cf4b1
4141,w_31d1d50
4142,w_1b1dd05
4143,w_18645ff
4144,w_104d305
4145,w_1d830c2
4146,w_1995d15
4147,w_c6d918a
4148,w_abee142
4149,w_981baf4
4150,w_ba2bbbb
4151,w_d3311fa
4152,w_71d5ba2
4153,w_2ef9c36
4154,w_e7699fa
4155,w_bafa095
4156,w_982f0b3
4157,w_59915b1
4158,w_7e9df91
4159,w_ff94900
4160,w_56d8530
4161,w_719ee7e
4162,w_ab2f0eb
4163,w_e2fd1e1
4164,w_dbf7f76
4165,w_8041789
4166,w_ad91d77
4167,w_74f384b
4168,w_00d50c9
4169,w_13c9277
4170,w_ee61a1f
4171,w_dbf651b
4172,w_74f9ede
4173,w_60c073b
4174,w_0b3e0e6
4175,w_e5e6490
4176,w_8f424c5
4177,w_a0c732f
4178,w_b60f441
4179,w_2a7c1af
4180,w_0a8a451
4181,w_925332d
4182,w_0c59853
4183,w_faf5287
4184,w_82ba482
4185,w_544128b
4186,w_82c744e
4187,w_e9cf335
4188,w_efd6a16
4189,w_19fb122
4190,w_56276b3
4191,w_b421d21
4192,w_dcbdd01
4193,w_72f3685
4194,w_691f2f6
4195,w_20baeef
4196,w_e70a3d0
4197,w_fae4be5
4198,w_f82777d
4199,w_5077be0
4200,w_5d426b6
4201,w_cbd2194
4202,w_50fd107
4203,w_7ba6d48
4204,w_8675aac
4205,w_d90a890
4206,w_9cc2c36
4207,w_b82bea9
4208,w_4c218b5
4209,w_4678fbb
4210,w_2df1d85
4211,w_c3bed1a
4212,w_2926c77
4213,w_717756b
4214,w_9be308e
4215,w_bf41c21
4216,w_2b388fe
4217,w_803ad0d
4218,w_bc2369c
4219,w_db38863
4220,w_6b25530
4221,w_43f3361
4222,w_628a326
4223,w_28c330c
4224,w_0189b6d
4225,w_f5bf6df
4226,w_0db2e26
4227,w_ab02160
4228,w_3057209
4229,w_f493161
4230,w_db491c8
4231,w_decd606
4232,w_8230e8f
4233,w_8cb5e04
4234,w_3bf2653
4235,w_ba3c7af
4236,w_26a55ed
4237,w_abc5af2
4238,w_167a348
4239,w_4bf625b
4240,w_58d8bbd
4241,w_948268e
4242,w_4524517
4243,w_797b34c
4244,w_d4c24e6
4245,w_310a94d
4246,w_4e40657
4247,w_eacf402
4248,w_1220336
4249,w_f1ec368
4250,w_2112103
4251,w_31b5dd8
4252,w_752ffa2
4253,w_45c5396
4254,w_7af5b09
4255,w_3309cbd
4256,w_d494351
4257,w_fcdda4c
4258,w_0b4f7cf
4259,w_09de1a5
4260,w_62c76f3
4261,w_09c737d
4262,w_daf857f
4263,w_d9f8641
4264,w_9364343
4265,w_89db63b
4266,w_715c34b
4267,w_c2397a4
4268,w_7058149
4269,w_c10fcb2
4270,w_205708f
4271,w_16362a6
4272,w_264c2e1
4273,w_5688262
4274,w_d06e2d0
4275,w_2b17316
4276,w_c62ac72
4277,w_dccbb2e
4278,w_3cc7dc4
4279,w_4c62681
4280,w_ebdad2e
4281,w_d217ab7
4282,w_2211e6d
4283,w_9a17ae9
4284,w_772845b
4285,w_3f8ff7c
4286,w_bb2c919
4287,w_a79a828
4288,w_f6bae1a
4289,w_c0e27e9
4290,w_cbeade6
4291,w_1b6f6dc
4292,w_94e110b
4293,w_25d7e08
4294,w_274397d
4295,w_a3d2008
4296,w_ea7bbc6
4297,w_71ed685
4298,w_38b8bda
4299,w_ea4a7db
4300,w_7f5f3b8
4301,w_a87ec7e
4302,w_396c07d
4303,w_23a388d
4304,w_e739a48
4305,w_7d724a2
4306,w_9eb6492
4307,w_d63c8d1
4308,w_a4ac5dd
4309,w_8cee3d3
4310,w_ede6c73
4311,w_939a3c7
4312,w_85b3564
4313,w_bd06bf9
4314,w_fa4034b
4315,w_d909f72
4316,w_39141fc
4317,w_7ae20cf
4318,w_eba33fb
4319,w_34120de
4320,w_a7067d1
4321,w_f0cf3f6
4322,w_88bb921
4323,w_52a5d92
4324,w_3067220
4325,w_c2c20eb
4326,w_b48ce14
4327,w_6f9f759
4328,w_4fa0ba1
4329,w_3ff6d0e
4330,w_ec0e6ed
4331,w_dc14a8e
4332,w_6caff0f
4333,w_84a32d1
4334,w_2d6596f
4335,w_f01ade6
4336,w_0323574
4337,w_7ff9682
4338,w_782c71d
4339,w_21f1129
4340,w_afabbbc
4341,w_60b027a
4342,w_db2d591
4343,w_f8746c3
4344,w_6ffc7a1
4345,w_68bb40f
4346,w_ae32f8b
4347,w_7b4ffdd
4348,w_f20333d
4349,w_97d60b9
4350,w_c98aaad
4351,w_b5cf062
4352,w_f18a3c9
4353,w_3729146
4354,w_4ab3420
4355,w_2b49489
4356,w_b8368f2
4357,w_7781e53
4358,w_d284505
4359,w_3518604
4360,w_702b2c4
4361,w_3384715
4362,w_e486063
4363,w_5ff2049
4364,w_729290b
4365,w_291b418
4366,w_ebb99e5
4367,w_ae393cd
4368,w_4bbd0fd
4369,w_1a874a6
4370,w_61cbbc3
4371,w_1e3caae
4372,w_c20b4e0
4373,w_935a516
4374,w_4c614f3
4375,w_4167fbb
4376,w_f6e5311
4377,w_aebdb5f
4378,w_45df6b0
4379,w_f9eb808
4380,w_aee9487
4381,w_048bc73
4382,w_4460861
4383,w_0eab54f
4384,w_09e51f8
4385,w_cad4b47
4386,w_b86917d
4387,w_317ae6c
4388,w_9697236
4389,w_63386cd
4390,w_4689352
4391,w_60f4a66
4392,w_0e34e76
4393,w_e5d087b
4394,w_d17d229
4395,w_04f5f55
4396,w_0b9cab4
4397,w_6ab76e6
4398,w_fbebe60
4399,w_dd944b7
4400,w_95c7a6f
4401,w_acf8fd1
4402,w_4562f42
4403,w_a16169d
4404,w_0a0b4c6
4405,w_31438a5
4406,w_b7aa4d8
4407,w_4fdb4c1
4408,w_124a3cb
4409,w_6794f1e
4410,w_15e3099
4411,w_5c742ec
4412,w_ab643d1
4413,w_4ba728f
4414,w_fc230fd
4415,w_f011b98
4416,w_cc85af7
4417,w_9e3859e
4418,w_9739508
4419,w_68311ed
4420,w_d10d0c5
4421,w_725bf15
4422,w_31154fa
4423,w_d829778
4424,w_22a168a
4425,w_13ca7e8
4426,w_568e9fd
4427,w_99a26a3
4428,w_3514a84
4429,w_4640cdc
4430,w_b71ac68
4431,w_73fe099
4432,w_e2d8b09
4433,w_540d5db
4434,w_f0184c0
4435,w_1083a05
4436,w_e329a65
4437,w_c2c1e28
4438,w_d395243
4439,w_1693b27
4440,w_0741282
4441,w_de657c1
4442,w_1167daf
4443,w_40a8585
4444,w_0a6c4c7
4445,w_494c72d
4446,w_a69f0ee
4447,w_6e77fd0
4448,w_5083a58
4449,w_f128a4d
4450,w_628d615
4451,w_f1eb6cd
4452,w_e2561dd
4453,w_4344f5e
4454,w_620dffe
4455,w_b72cdc1
4456,w_51b4749
4457,w_3716cec
4458,w_44c1eef
4459,w_db68456
4460,w_68c4ecf
4461,w_6a95be3
4462,w_6fce84d
4463,w_cc849d4
4464,w_677be14
4465,w_335bdd1
4466,w_b953028
4467,w_d6f0be4
4468,w_609529a
4469,w_61d48c9
4470,w_f4605bf
4471,w_290399a
4472,w_99f608a
4473,w_217fc01
4474,w_510f3ee
4475,w_1d55e83
4476,w_8a6a8d5
4477,w_76b8e6f
4478,w_232f528
4479,w_ac910d6
4480,w_93d7617
4481,w_ac2c28e
4482,w_b3cde16
4483,w_fec331a
4484,w_dc23fbc
4485,w_8f4b1c4
4486,w_e906edd
4487,w_059d9e0
4488,w_972e51e
4489,w_6bab2bd
4490,w_2296421
4491,w_e5978cf
4492,w_4b1a9b1
4493,w_ea7bc89
4494,w_b02ac52
4495,w_dc9d8ae
4496,w_1a7ccaf
4497,w_036dbd0
4498,w_f5e6213
4499,w_52093cb
4500,w_4b609e1
4501,w_ce1bf27
4502,w_6c886f0
4503,w_11ec829
4504,w_38c6a8d
4505,w_eca61e6
4506,w_df27de9
4507,w_8436e69
4508,w_c190aa8
4509,w_fd3e556
4510,w_89ad73e
4511,w_99e4fe2
4512,w_26ba5fd
4513,w_f79ebf3
4514,w_f77e282
4515,w_d066c0a
4516,w_fbcfe1a
4517,w_71ec6d4
4518,w_5515886
4519,w_f59bb62
4520,w_4b2e47b
4521,w_c6fe966
4522,w_68b59dd
4523,w_b20b425
4524,w_da011a1
4525,w_f3f887e
4526,w_cf9207f
4527,w_01cbbbd
4528,w_a88c767
4529,w_b8f1666
4530,w_15b5eb1
4531,w_799b208
4532,w_7ef8a85
4533,w_1247b8c
4534,w_04f5a19
4535,w_9d59121
4536,w_7830b52
4537,w_7b2e5ce
4538,w_9732911
4539,w_f15f7be
4540,w_f9a9dec
4541,w_97ba78a
4542,w_83e0076
4543,w_fa955f1
4544,w_2645f4d
4545,w_83a4279
4546,w_244ab03
4547,w_40a6c9c
4548,w_e39f7d5
4549,w_aa02b8b
4550,w_068baa8
4551,w_9b46d56
4552,w_f58da65
4553,w_cb856e6
4554,w_9af432a
4555,w_af294f7
4556,w_502e72f
4557,w_0bdc5d5
4558,w_8d76b75
4559,w_b4b2b67
4560,w_3f44881
4561,w_8c56684
4562,w_a95c680
4563,w_bcf69e9
4564,w_df487e8
4565,w_8ef9b33
4566,w_1f62b56
4567,w_b21cfe4
4568,w_302799d
4569,w_692734c
4570,w_234713b
4571,w_05d52d0
4572,w_84b1b28
4573,w_d9a3c6e
4574,w_b8a7ee7
4575,w_4776fc5
4576,w_ec77506
4577,w_0d1b964
4578,w_bbe79c3
4579,w_7d44896
4580,w_d2b440e
4581,w_72019ec
4582,w_e726a9c
4583,w_9e5854c
4584,w_776f336
4585,w_c25deb9
4586,w_ded2682
4587,w_0b995e5
4588,w_e6dfc39
4589,w_0e325b0
4590,w_3d56b7c
4591,w_60cf87c
4592,w_421b9de
4593,w_7069d70
4594,w_abb3ee6
4595,w_e86689c
4596,w_3f5eda7
4597,w_f10aaf0
4598,w_03270e3
4599,w_5808373
4600,w_3bf887a
4601,w_db1b545
4602,w_0cbf1b3
4603,w_db602dc
4604,w_224bfc5
4605,w_b4a7cd2
4606,w_1cb0ffc
4607,w_bc65e7f
4608,w_682897f
4609,w_f9aab0c
4610,w_0066399
4611,w_3e34a5f
4612,w_997cda5
4613,w_4e87672
4614,w_193f83c
4615,w_ca7089b
4616,w_1af6b9a
4617,w_4ab6b16
4618,w_d007a72
4619,w_3904b99
4620,w_cef8ce0
4621,w_7547b9a
4622,w_6b1bd76
4623,w_9407749
4624,w_4bdd289
4625,w_20950a9
4626,w_85a8d47
4627,w_04003e9
4628,w_1e1e5d9
4629,w_8e1cf61
4630,w_8ed7da3
4631,w_267c7e3
4632,w_f61b957
4633,w_e51c0e9
4634,w_8947728
4635,w_be2ce29
4636,w_6452aca
4637,w_ec7242a
4638,w_cef693e
4639,w_d10cf66
4640,w_b1330fd
4641,w_7b92cc8
4642,w_07d4b0a
4643,w_39efa30
4644,w_928ec6c
4645,w_7a61cb2
4646,w_4dcc907
4647,w_58ddf90
4648,w_c76f8f4
4649,w_e97509e
4650,w_5c4f274
4651,w_5af08bc
4652,w_6a1280c
4653,w_ae83a65
4654,w_0fedd59
4655,w_89948b1
4656,w_6fb7fe9
4657,w_327175f
4658,w_9b25161
4659,w_7b6483e
4660,w_52196e1
4661,w_10eece8
4662,w_8b61e65
4663,w_9e591f3
4664,w_dab2353
4665,w_d892cd9
4666,w_6fd2888
4667,w_4a8a4c9
4668,w_f1b6eea
4669,w_817d53c
4670,w_2ca9282
4671,w_416168a
4672,w_15b3f09
4673,w_317c071
4674,w_eafeccd
4675,w_e8b82f6
4676,w_28a16b0
4677,w_fd57399
4678,w_1ff410a
4679,w_15951db
4680,w_b5d45d4
4681,w_f381082
4682,w_a354653
4683,w_b570fe1
4684,w_e42007e
4685,w_1ecca2d
4686,w_5cf4727
4687,w_6cf6bf4
4688,w_27597ff
4689,w_a4a0867
4690,w_c27ee06
4691,w_59f2171
4692,w_8ad632d
4693,w_0d4a14b
4694,w_a548534
4695,w_721e78f
4696,w_9bedea6
4697,w_4b815d3
4698,w_ca11f46
4699,w_dcb4b9a
4700,w_fb0c41f
4701,w_411325a
4702,w_32eac70
4703,w_614b549
4704,w_09c59c2
4705,w_55b77ce
4706,w_7a91862
4707,w_a283c8c
4708,w_066ddc5
4709,w_80dfb8e
4710,w_4214909
4711,w_070036a
4712,w_c172767
4713,w_686bbcb
4714,w_0ffa15f
4715,w_06d2e72
4716,w_be1dbc1
4717,w_41d24c6
4718,w_0bd2e46
4719,w_7aea0b8
4720,w_3ffae11
4721,w_e05c1a2
4722,w_88eaa39
4723,w_ee864e4
4724,w_2b7f65a
4725,w_1b00c27
4726,w_50f8a28
4727,w_ae8bd64
4728,w_03ad89c
4729,w_689cfe2
4730,w_1531bf5
4731,w_fe54484
4732,w_835a1eb
4733,w_5ea7acf
4734,w_1423c1f
4735,w_8f0c6ed
4736,w_cbf576c
4737,w_3154c82
4738,w_9786485
4739,w_34053b9
4740,w_a371235
4741,w_4135cb8
4742,w_5b16177
4743,w_ec4b5d4
4744,w_a190a88
4745,w_df71327
4746,w_63f5740
4747,w_5258623
4748,w_551165a
4749,w_c014421
4750,w_26e4f44
4751,w_e36fb17
4752,w_94a7669
4753,w_938701c
4754,w_491b2e5
4755,w_d44dfdc
4756,w_cff6c83
4757,w_749dffd
4758,w_6e6a6ff
4759,w_351a377
4760,w_3180b48
4761,w_6c09f7f
4762,w_cf9055c
4763,w_854c18e
4764,w_8e9f047
4765,w_d3332dc
4766,w_cfdd1c0
4767,w_c87817e
4768,w_ff7a4ae
4769,w_ab8af2b
4770,w_4523384
4771,w_a165159
4772,w_c4f01e2
4773,w_711552b
4774,w_e3ceadb
4775,w_5bef7cb
4776,w_20eeb29
4777,w_365e82b
4778,w_9ce3725
4779,w_7ec7c3b
4780,w_584e1dc
4781,w_2b50adf
4782,w_5d5c6a6
4783,w_1afed1e
4784,w_1b77e4f
4785,w_036bc54
4786,w_51a0ec9
4787,w_257e223
4788,w_cd28f56
4789,w_67b3af9
4790,w_f56d155
4791,w_e8e08e6
4792,w_c92d4a9
4793,w_ef29036
4794,w_faac069
4795,w_a8c2847
4796,w_6f74177
4797,w_f765256
4798,w_3eae264
4799,w_368f8bc
4800,w_cf8ce56
4801,w_088cda7
4802,w_7b06e7e
4803,w_63b91aa
4804,w_2497490
4805,w_8cce8ce
4806,w_a63cd8d
4807,w_0717f05
4808,w_e76dcfe
4809,w_e164857
4810,w_d980663
4811,w_8a1786f
4812,w_511b9b5
4813,w_c751a77
4814,w_3e88a50
4815,w_8fad4d2
4816,w_41d5251
4817,w_2365d55
4818,w_51e7506
4819,w_c183657
4820,w_7066887
4821,w_3250a08
4822,w_185044d
4823,w_38fc953
4824,w_99d1f45
4825,w_2c0cfe8
4826,w_b4ac550
4827,w_f5aadde
4828,w_7a1c290
4829,w_4e626be
4830,w_5c4c166
4831,w_7e016f2
4832,w_dcdcc9d
4833,w_5cf0e37
4834,w_1728040
4835,w_0729126
4836,w_d05827c
4837,w_be5ee58
4838,w_32b01d7
4839,w_7a97301
4840,w_be3f623
4841,w_99d3313
4842,w_88b3a3d
4843,w_cafaa6f
4844,w_8d1a7ba
4845,w_a9304b9
4846,w_cded134
4847,w_1403973
4848,w_f2f7550
4849,w_e8658e7
4850,w_8739af5
4851,w_7cc2687
4852,w_c028816
4853,w_65ffd7d
4854,w_e096f02
4855,w_c49e344
4856,w_7e9ae57
4857,w_06150e1
4858,w_a4d7e8f
4859,w_a893faf
4860,w_2059146
4861,w_0ce0555
4862,w_e9a2c15
4863,w_9f30885
4864,w_c158581
4865,w_7f4e251
4866,w_68ef337
4867,w_e9910d5
4868,w_ed1df50
4869,w_7c5fa3c
4870,w_86918b8
4871,w_d6ca28d
4872,w_0d5a672
4873,w_8cbe62a
4874,w_b403feb
4875,w_082f603
4876,w_7d4d7cd
4877,w_75cebcf
4878,w_18aafe8
4879,w_2eec458
4880,w_12e8dc7
4881,w_553d1ef
4882,w_3c80f07
4883,w_e04d084
4884,w_ce66f9a
4885,w_122eec1
4886,w_074530d
4887,w_e740b27
4888,w_8cd5c91
4889,w_e2ef16f
4890,w_14f15a0
4891,w_a39b2e2
4892,w_5a90eff
4893,w_8cafcf5
4894,w_5801869
4895,w_33fccbe
4896,w_3c58b68
4897,w_fdf618d
4898,w_5252dc7
4899,w_35756a2
4900,w_aee1ccf
4901,w_4d06559
4902,w_50b08a9
4903,w_06313c8
4904,w_08630fd
4905,w_e99e430
4906,w_48fa708
4907,w_a6a1bea
4908,w_700f301
4909,w_936aa13
4910,w_d066f46
4911,w_4cbf396
4912,w_b441850
4913,w_90e9447
4914,w_f0fe284
4915,w_0ad1734
4916,w_5a3e0de
4917,w_260ff2c
4918,w_9749fed
4919,w_6e8c101
4920,w_a743e09
4921,w_985d205
4922,w_3b970db
4923,w_f546938
4924,w_d12f2a0
4925,w_7c77c5c
4926,w_f3252ff
4927,w_5e2589b
4928,w_9cf0388
4929,w_eee296c
4930,w_2e35d7c
4931,w_689e1cd
4932,w_f57140c
4933,w_ae1634e
4934,w_1fc4625
4935,w_f71de1c
4936,w_5c51475
4937,w_7cb0e92
4938,w_48aa237
4939,w_8bcc197
4940,w_3c4b1d0
4941,w_e65664f
4942,w_7e61174
4943,w_ff1de02
4944,w_ac6aee2
4945,w_0c76e03
4946,w_96deb8b
4947,w_9660cec
4948,w_865cf80
4949,w_4c07458
4950,w_7dd1222
4951,w_fcc8a87
4952,w_1788910
4953,w_d1207d9
4954,w_c178f34
4955,w_0cfae04
4956,w_2a7603f
4957,w_2964e0b
4958,w_10f67bb
4959,w_8dda2f6
4960,w_40a1403
4961,w_b1ea71c
4962,w_3de9056
4963,w_0470377
4964,w_966b510
4965,w_81eb375
4966,w_002c810
4967,w_692574d
4968,w_fa3a41f
4969,w_178144f
4970,w_43d4a64
4971,w_4e13e82
4972,w_ea05006
4973,w_cf1551f
4974,w_c9cf75d
4975,w_efa895a
4976,w_4cb61b2
4977,w_9f2cfff
4978,w_4fa2f05
4979,w_b433be9
4980,w_98fc82f
4981,w_78ab4d4
4982,w_c554b6f
4983,w_af8df07
4984,w_733f661
4985,w_8f65356
4986,w_361a865
4987,w_15bf3e3
4988,w_3d972c9
4989,w_ee64de3
4990,w_93fddcb
4991,w_7d09141
4992,w_a415092
4993,w_bfb6262
4994,w_48cc590
4995,w_f2e561e
4996,w_3a63e33
4997,w_a123aa1
4998,w_a113b33
4999,w_3a91b10
5000,w_b472b26
5001,w_56fe328
5002,w_3fe2251
5003,w_4312b77
5004,w_8157927
